year,epi_week,url_www_mirror,note
2023,16,https://www.nih.org.pk/wp-content/uploads/2023/04/Weekly Report-16-2023.pdf,extracted (full build)
2023,22,https://www.nih.org.pk/wp-content/uploads/2023/08/Weekly_Report_22_2023.pdf,extracted (full build)
2023,23,https://www.nih.org.pk/wp-content/uploads/2023/08/Weekly_Report_23_2023.pdf,extracted (full build)
2023,24,https://www.nih.org.pk/wp-content/uploads/2023/08/Weekly_Report_24_2023.pdf,extracted (full build)
2023,25,https://www.nih.org.pk/wp-content/uploads/2023/08/Weekly_Report_25_2023.pdf,extracted (full build)
2023,26,https://www.nih.org.pk/wp-content/uploads/2023/07/Weekly_Report_26_2023.pdf,extracted (full build)
2023,27,https://www.nih.org.pk/wp-content/uploads/2023/08/Weekly_Report_27_2023.pdf,extracted (full build)
2023,28,https://www.nih.org.pk/wp-content/uploads/2023/08/Weekly_Report_28_2023.pdf,extracted (full build)
2023,29,https://www.nih.org.pk/wp-content/uploads/2023/08/Weekly_Report_29_2023.pdf,extracted (full build)
2023,30,https://www.nih.org.pk/wp-content/uploads/2023/08/Weekly_Report_30_2023.pdf,extracted (full build)
2023,31,https://www.nih.org.pk/wp-content/uploads/2023/08/Weekly_Report_31_2023.pdf,extracted (full build)
2023,32,https://www.nih.org.pk/wp-content/uploads/2023/08/Weekly_Report_32_2023.pdf,extracted (full build)
2023,33,https://www.nih.org.pk/wp-content/uploads/2023/09/Weekly_Report_33_2023.pdf,extracted (full build)
2023,34,https://www.nih.org.pk/wp-content/uploads/2023/09/Weekly_Report_34_2023.pdf,extracted (full build)
2023,35,https://www.nih.org.pk/wp-content/uploads/2023/09/Weekly_Report_35_2023.pdf,extracted (full build)
2023,36,https://www.nih.org.pk/wp-content/uploads/2023/10/Weekly_Report_36_2023.pdf,extracted (full build)
2023,37,https://www.nih.org.pk/wp-content/uploads/2023/10/Weekly Report-37-2023.pdf,extracted (full build)
2023,38,https://www.nih.org.pk/wp-content/uploads/2023/10/Weekly Report-38-2023.pdf,extracted (full build)
2023,39,https://www.nih.org.pk/wp-content/uploads/2023/10/Weekly Report-39-2023.pdf,extracted (full build)
2023,40,https://www.nih.org.pk/wp-content/uploads/2023/10/Weekly Report-40-2023.pdf,extracted (feasibility-check sample)
2023,41,https://www.nih.org.pk/wp-content/uploads/2023/10/Weekly_Report_41_2023.pdf,extracted (full build)
2023,42,https://www.nih.org.pk/wp-content/uploads/2023/11/Weekly Report-42-2023.pdf,extracted (full build)
2023,43,https://www.nih.org.pk/wp-content/uploads/2023/11/Weekly Report-43-2023.pdf,extracted (full build)
2023,44,https://www.nih.org.pk/wp-content/uploads/2023/11/Weekly Report-44-2023.pdf,extracted (full build)
2023,45,https://www.nih.org.pk/wp-content/uploads/2023/11/Weekly Report-45-2023.pdf,extracted (full build)
2023,46,https://www.nih.org.pk/wp-content/uploads/2024/01/Weekly Report-46-2023.pdf,extracted (full build)
2023,47,https://www.nih.org.pk/wp-content/uploads/2024/01/Weekly Report-47-2023.pdf,extracted (full build)
2023,48,https://www.nih.org.pk/wp-content/uploads/2024/01/Weekly Report-48-2023.pdf,extracted (full build)
2023,49,https://www.nih.org.pk/wp-content/uploads/2024/01/Weekly Report-49-2023.pdf,extracted (full build)
2023,50,https://www.nih.org.pk/wp-content/uploads/2024/01/Weekly Report-50-2023.pdf,extracted (full build)
2023,51,https://www.nih.org.pk/wp-content/uploads/2024/01/Weekly Report-51-2023.pdf,extracted (full build)
2023,52,https://www.nih.org.pk/wp-content/uploads/2024/01/Weekly Report-52-2023.pdf,extracted (full build)
2024,1,https://www.nih.org.pk/wp-content/uploads/2024/01/Weekly Report-01-2024.pdf,extracted (full build)
2024,2,https://www.nih.org.pk/wp-content/uploads/2024/01/Weekly Report-02-2024.pdf,extracted (full build)
2024,3,https://www.nih.org.pk/wp-content/uploads/2024/01/Weekly Report-03-2024.pdf,extracted (full build)
2024,4,https://www.nih.org.pk/wp-content/uploads/2024/02/Weekly Report-04-2024.pdf,extracted (full build)
2024,5,https://www.nih.org.pk/wp-content/uploads/2024/02/Weekly Report-05-2024.pdf,extracted (full build)
2024,6,https://www.nih.org.pk/wp-content/uploads/2024/03/Weekly Report-06-2024.pdf,extracted (full build)
2024,7,https://www.nih.org.pk/wp-content/uploads/2024/03/Weekly Report-07-2024.pdf,extracted (full build)
2024,8,https://www.nih.org.pk/wp-content/uploads/2024/03/Weekly Report-08-2024.pdf,extracted (feasibility-check sample)
2024,9,https://www.nih.org.pk/wp-content/uploads/2024/04/Weekly Report-09-2024.pdf,extracted (full build)
2024,10,https://www.nih.org.pk/wp-content/uploads/2024/04/Weekly_Report-10-2024.pdf,extracted (full build)
2024,11,https://www.nih.org.pk/wp-content/uploads/2024/04/Weekly Report-11-2024.pdf,extracted (full build)
2024,12,https://www.nih.org.pk/wp-content/uploads/2024/04/Weekly Report-12-2024.pdf,extracted (full build)
2024,13,https://www.nih.org.pk/wp-content/uploads/2024/05/Weekly Report-13-2024.pdf,extracted (full build)
2024,14,https://www.nih.org.pk/wp-content/uploads/2024/05/Weekly Report-14-2024.pdf,extracted (full build)
2024,15,https://www.nih.org.pk/wp-content/uploads/2024/05/Weekly Report-15-2024.pdf,extracted (full build)
2024,16,https://www.nih.org.pk/wp-content/uploads/2024/05/Weekly Report-16-2024.pdf,extracted (full build)
2024,17,https://www.nih.org.pk/wp-content/uploads/2024/05/Weekly Report-17-2024.pdf,extracted (full build)
2024,18,https://www.nih.org.pk/wp-content/uploads/2024/05/Weekly Report-18-2024.pdf,extracted (full build)
2024,19,https://www.nih.org.pk/wp-content/uploads/2024/06/Weekly Report-19-2024.pdf,extracted (full build)
2024,20,https://www.nih.org.pk/wp-content/uploads/2024/06/Weekly Report-20-2024.pdf,extracted (full build)
2024,21,https://www.nih.org.pk/wp-content/uploads/2024/06/Weekly Report-21-2024.pdf,extracted (full build)
2024,22,https://www.nih.org.pk/wp-content/uploads/2024/06/Weekly Report-22-2024.pdf,extracted (full build)
2024,23,https://www.nih.org.pk/wp-content/uploads/2024/06/Weekly Report-23-2024.pdf,extracted (full build)
2024,24,https://www.nih.org.pk/wp-content/uploads/2024/06/Weekly Report-24-2024.pdf,extracted (full build)
2024,25,https://www.nih.org.pk/wp-content/uploads/2024/07/Weekly Report-25-2024.pdf,extracted (feasibility-check sample)
2024,26,https://www.nih.org.pk/wp-content/uploads/2024/07/Weekly Report-26-2024.pdf,extracted (full build)
2024,27,https://www.nih.org.pk/wp-content/uploads/2024/07/Weekly Report-27-2024.pdf,extracted (full build)
2024,28,https://www.nih.org.pk/wp-content/uploads/2024/07/Weekly Report-28-2024.pdf,extracted (full build)
2024,29,https://www.nih.org.pk/wp-content/uploads/2024/08/Weekly Report-29-2024.pdf,extracted (full build)
2024,30,https://www.nih.org.pk/wp-content/uploads/2024/08/Weekly Report-30-2024.pdf,extracted (full build)
2024,31,https://www.nih.org.pk/wp-content/uploads/2024/08/Weekly Report-31-2024.pdf,extracted (full build)
2024,32,https://www.nih.org.pk/wp-content/uploads/2024/08/Weekly Report-32-2024.pdf,extracted (full build)
2024,33,https://www.nih.org.pk/wp-content/uploads/2024/08/Weekly_Report-33-2024.pdf,extracted (full build)
2024,34,https://www.nih.org.pk/wp-content/uploads/2024/09/Weekly_Report-34-2024.pdf,extracted (full build)
2024,35,https://www.nih.org.pk/wp-content/uploads/2024/09/Weekly_Report-35-2024.pdf,extracted (full build)
2024,36,https://www.nih.org.pk/wp-content/uploads/2024/09/Weekly_Report-36-2024.pdf,extracted (full build)
2024,37,https://www.nih.org.pk/wp-content/uploads/2024/10/Weekly_Report-37-2024.pdf,extracted (full build)
2024,38,https://www.nih.org.pk/wp-content/uploads/2024/10/Weekly_Report-38-2024.pdf,extracted (full build)
2024,39,https://www.nih.org.pk/wp-content/uploads/2024/10/Weekly_Report-39-2024.pdf,extracted (full build)
2024,40,https://www.nih.org.pk/wp-content/uploads/2024/10/Weekly_Report-40-2024.pdf,extracted (full build)
2024,41,https://www.nih.org.pk/wp-content/uploads/2024/10/Weekly_Report-41-2024.pdf,extracted (full build)
2024,42,https://www.nih.org.pk/wp-content/uploads/2024/11/Weekly_Report-42-2024.pdf,extracted (full build)
2024,43,https://www.nih.org.pk/wp-content/uploads/2024/11/Weekly_Report-43-2024.pdf,extracted (full build)
2024,44,https://www.nih.org.pk/wp-content/uploads/2024/11/Weekly_Report-44-2024 .pdf,extracted (full build)
2024,45,https://www.nih.org.pk/wp-content/uploads/2024/12/Weekly_Report-45-2024.pdf,extracted (feasibility-check sample)
2024,46,https://www.nih.org.pk/wp-content/uploads/2024/12/Weekly_Report-46-2024.pdf,extracted (full build)
2024,47,https://www.nih.org.pk/wp-content/uploads/2024/12/Weekly_Report-47-2024.pdf,extracted (full build)
2024,48,https://www.nih.org.pk/wp-content/uploads/2024/12/Weekly_Report-48-2024.pdf,extracted (full build)
2024,49,https://www.nih.org.pk/wp-content/uploads/2025/01/Weekly_Report-49-2024.pdf,extracted (full build)
2024,50,https://www.nih.org.pk/wp-content/uploads/2025/01/Weekly_Report-50-2024.pdf,extracted (full build)
2024,51,https://www.nih.org.pk/wp-content/uploads/2025/01/Weekly_Report-51-2024.pdf,extracted (full build)
2024,52,https://www.nih.org.pk/wp-content/uploads/2025/01/Weekly_Report-52-2024.pdf,extracted (full build)
2025,1,https://www.nih.org.pk/wp-content/uploads/2025/01/Weekly_Report-01-2025.pdf,extracted (full build)
2025,2,https://www.nih.org.pk/wp-content/uploads/2025/02/Weekly_Report-02-2025.pdf,extracted (full build)
2025,3,https://www.nih.org.pk/wp-content/uploads/2025/02/Weekly_Report-03-2025.pdf,extracted (full build)
2025,4,https://www.nih.org.pk/wp-content/uploads/2025/03/Weekly_Report-04-2025.pdf,extracted (full build)
2025,5,https://www.nih.org.pk/wp-content/uploads/2025/03/Weekly_Report-05-2025.pdf,extracted (full build)
2025,6,https://www.nih.org.pk/wp-content/uploads/2025/03/Weekly_Report-06-2025.pdf,extracted (full build)
2025,7,https://www.nih.org.pk/wp-content/uploads/2025/03/Weekly_Report-07-2025.pdf,extracted (full build)
2025,8,https://www.nih.org.pk/wp-content/uploads/2025/03/Weekly_Report-08-2025.pdf,extracted (full build)
2025,9,https://www.nih.org.pk/wp-content/uploads/2025/04/Weekly_Report-09-2025.pdf,extracted (full build)
2025,10,https://www.nih.org.pk/wp-content/uploads/2025/05/Weekly_Report-10-2025.pdf,extracted (feasibility-check sample)
2025,11,https://www.nih.org.pk/wp-content/uploads/2025/05/Weekly_Report-11-2025.pdf,extracted (full build)
2025,12,https://www.nih.org.pk/wp-content/uploads/2025/05/Weekly_Report-12-2025.pdf,extracted (full build)
2025,13,https://www.nih.org.pk/wp-content/uploads/2025/06/IDSR Week 13 Bulletin (2025).pdf,extracted (full build)
2025,14,https://www.nih.org.pk/wp-content/uploads/2025/06/IDSR Week 14 Bulletin (2025).pdf,extracted (full build)
2025,15,https://www.nih.org.pk/wp-content/uploads/2025/06/IDSR Week 15 Bulletin (2025).pdf,extracted (full build)
2025,16,https://www.nih.org.pk/wp-content/uploads/2025/06/IDSR Week 16 Bulletin (2025).pdf,extracted (full build)
2025,17,https://www.nih.org.pk/wp-content/uploads/2025/06/Weekly_Report-17-2025.pdf,extracted (full build)
2025,18,https://www.nih.org.pk/wp-content/uploads/2025/06/Weekly_Report-18-2025.pdf,extracted (full build)
2025,19,https://www.nih.org.pk/wp-content/uploads/2025/06/Weekly_Report-19-2025.pdf,extracted (full build)
2025,20,https://www.nih.org.pk/wp-content/uploads/2025/06/Weekly_Report-20-2025.pdf,extracted (feasibility-check sample)
2025,21,https://www.nih.org.pk/wp-content/uploads/2025/06/Weekly_Report-21-2025.pdf,extracted (full build)
2025,22,https://www.nih.org.pk/wp-content/uploads/2025/08/Weekly_Report-22-2025.pdf,extracted (full build)
2025,23,https://www.nih.org.pk/wp-content/uploads/2025/08/Weekly_Report-23-2025.pdf,extracted (full build)
2025,24,https://www.nih.org.pk/wp-content/uploads/2025/08/Weekly_Report-24-2025.pdf,extracted (full build)
2025,25,https://www.nih.org.pk/wp-content/uploads/2025/08/Weekly_Report-25-2025.pdf,extracted (full build)
2025,26,https://www.nih.org.pk/wp-content/uploads/2025/08/Weekly_Report_26-2025.pdf,extracted (full build)
2025,27,https://www.nih.org.pk/wp-content/uploads/2025/09/Weekly_Report-27-2025.pdf,extracted (full build)
2025,28,https://www.nih.org.pk/wp-content/uploads/2025/09/Weekly_Report-28-2025.pdf,extracted (full build)
2025,29,https://www.nih.org.pk/wp-content/uploads/2025/09/Weekly_Report-29-2025.pdf,extracted (full build)
2025,30,https://www.nih.org.pk/wp-content/uploads/2025/09/Weekly_Report-30-2025.pdf,extracted (full build)
2025,31,https://www.nih.org.pk/wp-content/uploads/2025/11/Weekly Report-31-2025.pdf,extracted (full build)
2025,32,https://www.nih.org.pk/wp-content/uploads/2025/11/Weekly_Report-32-2025.pdf,extracted (full build)
2025,33,https://www.nih.org.pk/wp-content/uploads/2025/11/Weekly_Report-33-2025.pdf,extracted (full build)
2025,34,https://www.nih.org.pk/wp-content/uploads/2025/11/Weekly_Report-34-2025.pdf,extracted (full build)
2025,35,https://www.nih.org.pk/wp-content/uploads/2025/11/Weekly Report-35-2025.pdf,extracted (full build)
2025,36,https://www.nih.org.pk/wp-content/uploads/2025/11/Weekly_Report-36-2025.pdf,extracted (full build)
2025,37,https://www.nih.org.pk/wp-content/uploads/2025/11/Weekly_Report-37-2025.pdf,extracted (full build)
2025,38,https://www.nih.org.pk/wp-content/uploads/2025/11/Weekly_Report-38-2025.pdf,extracted (full build)
2025,39,https://www.nih.org.pk/wp-content/uploads/2025/11/Weekly_Report-39-2025.pdf,extracted (full build)
2025,40,https://www.nih.org.pk/wp-content/uploads/2025/11/Weekly_Report-40-2025.pdf,extracted (feasibility-check sample)
2025,41,https://www.nih.org.pk/wp-content/uploads/2025/11/Weekly_Report-41-2025.pdf,extracted (full build)
2025,42,https://www.nih.org.pk/wp-content/uploads/2025/11/Weekly_Report-42-2025.pdf,extracted (full build)
2025,43,https://www.nih.org.pk/wp-content/uploads/2025/11/Weekly_Report-43-2025.pdf,extracted (full build)
2025,44,https://www.nih.org.pk/wp-content/uploads/2025/11/Weekly_Report-44-2025.pdf,extracted (full build)
2025,45,https://www.nih.org.pk/wp-content/uploads/2025/11/Weekly Report-45-2025.pdf,extracted (full build)
2025,46,https://www.nih.org.pk/wp-content/uploads/2025/12/Weekly Report-46-2025.pdf,extracted (full build)
2025,47,https://www.nih.org.pk/wp-content/uploads/2025/12/Weekly_Report-47-2025.pdf,extracted (full build)
2025,48,https://www.nih.org.pk/wp-content/uploads/2025/12/Weekly_Report-48-2025.pdf,extracted (full build)
2025,49,https://www.nih.org.pk/wp-content/uploads/2025/12/Weekly Report-49-2025.pdf,extracted (full build)
2025,50,https://www.nih.org.pk/wp-content/uploads/2026/01/IDSRS Weekly Report-50-2025.pdf,extracted (full build)
2025,51,https://www.nih.org.pk/wp-content/uploads/2026/01/IDSRS Weekly Report-51-2025-updated (1).pdf,extracted (full build)
2025,52,https://www.nih.org.pk/wp-content/uploads/2026/01/Weekly_Report-52-2025.pdf,extracted (full build)
2026,1,https://www.nih.org.pk/wp-content/uploads/2026/01/IDSRS Weekly Report-01-2026-NEW.pdf,extracted (full build)
2026,2,https://www.nih.org.pk/wp-content/uploads/2026/02/IDSRS Weekly Report-02-2026-updated (1).pdf,extracted (full build)
2026,3,https://www.nih.org.pk/wp-content/uploads/2026/02/Weekly Report-03-2026.pdf,extracted (full build)
2026,4,https://www.nih.org.pk/wp-content/uploads/2026/02/IDSRS Weekly Report-04-2026-updated.pdf,extracted (full build)
2026,5,https://www.nih.org.pk/wp-content/uploads/2026/02/IDSRS Weekly Report-05-2026.pdf,extracted (full build)
2026,6,https://www.nih.org.pk/wp-content/uploads/2026/02/IDSRS Weekly Report-06-2026 (1).pdf,extracted (full build)
2026,7,https://www.nih.org.pk/wp-content/uploads/2026/03/Weekly Report-07-2026.pdf,extracted (full build)
2026,8,https://www.nih.org.pk/wp-content/uploads/2026/03/IDSRS Weekly Report-08-2026-updated-NG.pdf,extracted (full build)
2026,9,https://www.nih.org.pk/wp-content/uploads/2026/03/IDSRS Weekly Report-09-2026.pdf,extracted (full build)
2026,10,https://www.nih.org.pk/wp-content/uploads/2026/03/IDSRS Weekly Report-10-2026.pdf,extracted (full build)
2026,11,https://www.nih.org.pk/wp-content/uploads/2026/04/IDSRS Weekly Report 11-2026.pdf,extracted (full build)
2026,12,https://www.nih.org.pk/wp-content/uploads/2026/04/Weekly Report-12-2026.pdf,extracted (full build)
2026,13,https://www.nih.org.pk/wp-content/uploads/2026/04/Weekly Report-13-2026.pdf,extracted (full build)
2026,14,https://www.nih.org.pk/wp-content/uploads/2026/05/Weekly Report-14-2026.pdf,extracted (full build)
2026,15,https://www.nih.org.pk/wp-content/uploads/2026/05/Weekly Report-15-2026 .pdf,extracted (full build)
2026,16,https://www.nih.org.pk/wp-content/uploads/2026/05/IDSRS Weekly Report-16-2026 - NG (1).pdf,extracted (full build)
2026,17,https://www.nih.org.pk/wp-content/uploads/2026/05/Weekly Report-17-2026.pdf,extracted (full build)
2026,18,https://www.nih.org.pk/wp-content/uploads/2026/05/IDSRS Weekly Report-18-NG (1).pdf,extracted (full build)
2026,19,https://www.nih.org.pk/wp-content/uploads/2026/06/IDSRS Weekly Report-19-2026-NG reviewed.pdf,extracted (full build)
2026,20,https://www.nih.org.pk/wp-content/uploads/2026/06/Weekly Report-20-2026.pdf,extracted (full build)
2026,21,https://www.nih.org.pk/wp-content/uploads/2026/06/IDSRS Weekly Report-21-2026 (1).pdf,extracted (full build)
2026,22,https://www.nih.org.pk/wp-content/uploads/2026/07/IDSRS Weekly Report-22-2026.pdf,extracted (full build)
2026,23,https://www.nih.org.pk/wp-content/uploads/2026/07/IDSRS Weekly Report-23-2026.pdf,extracted (full build)
2026,24,https://www.nih.org.pk/wp-content/uploads/2026/07/Weekly Report-24-2026 (1).pdf,extracted (full build)
2026,25,https://www.nih.org.pk/wp-content/uploads/2026/07/IDSRS Weekly Report-25-2026 (1).pdf,extracted (full build)
2026,26,https://www.nih.org.pk/wp-content/uploads/2026/07/Public Health Bulletin IDSRS Weekly Report-26-2026.pdf,extracted (feasibility-check sample)
2026,27,https://www.nih.org.pk/wp-content/uploads/2026/07/IDSRS Weekly Report-27-NG.pdf,extracted (full build)
2026,28,https://www.nih.org.pk/wp-content/uploads/2026/07/IDSRS Weekly Report-28-2026 NG.pdf,extracted (full build)
2023,17,,not published by NIH - genuinely absent from source (confirmed via repeated index fetches)
2023,18,,not published by NIH - genuinely absent from source (confirmed via repeated index fetches)
2023,19,,not published by NIH - genuinely absent from source (confirmed via repeated index fetches)
2023,20,,not published by NIH - genuinely absent from source (confirmed via repeated index fetches)
2023,21,,not published by NIH - genuinely absent from source (confirmed via repeated index fetches)
