year,epi_week,AD_noncholera,Malaria,ILI,SARI,ALRI_u5,Bloody_diarrhoea,Typhoid,Dog_bite,AWD_cholera,AVH,Cut_leishmaniasis,VH_BCD,Chickenpox,Measles,TB,Dengue
2023,16,1354,12,70,0,7,13,28,6,1,7,,,,,,
2023,22,3572,65,258,0,182,47,99,30,0,9,,,,,,
2023,23,3493,71,358,0,128,26,170,33,0,9,,,,,,
2023,24,3912,75,255,0,121,89,182,5,0,35,,,,,,
2023,25,4060,49,62,86,62,35,185,7,0,19,,,,,,
2023,26,1533,14,104,0,48,51,38,10,0,3,,,,,,
2023,27,4349,63,344,0,5,317,82,18,0,12,,,,,,
2023,28,5657,83,397,0,126,109,174,18,0,7,,,,,,
2023,29,5291,50,333,0,43,73,198,13,0,10,,,,,,
2023,30,4275,81,266,0,81,92,127,3,0,7,,,,,,
2023,31,5914,76,196,0,70,101,123,7,0,12,,,,,,
2023,32,221,0,12,0,0,0,1,,,0,0,0,,,,
2023,33,5257,82,222,0,87,64,75,,,16,0,8,,,,
2023,34,7675,132,380,0,62,185,259,,0,12,0,,,,,
2023,35,4520,49,176,0,108,111,5,,,14,0,,2,,,
2023,36,4448,76,212,0,117,137,2,,,75,,,6,2,,
2023,37,4056,68,206,0,20,107,4,,,17,1,2,,,,
2023,38,3237,64,245,0,26,33,11,12,,18,0,,,,,
2023,39,2456,67,309,0,34,48,11,59,,17,0,,,,,
2023,40,2276,44,280,0,18,51,8,24,,13,0,,,,,
2023,41,1181,49,493,63,128,18,20,,,20,0,3,,,,
2023,42,1890,68,236,0,54,22,3,,,12,0,,,9,,
2023,43,2194,67,399,0,61,26,0,,,19,0,,,14,,
2023,44,2120,53,162,0,45,23,0,,,24,0,,,34,,
2023,45,1727,17,249,0,86,14,3,,,23,0,,,7,,
2023,46,1998,21,144,0,80,20,0,,,23,0,,,1,,
2023,47,1970,39,333,0,51,16,0,,,,0,0,,1,,
2023,48,1554,14,71,0,89,11,0,35,,,0,,,11,,
2023,49,1713,10,190,0,60,5,1,14,,,0,,,9,,
2023,50,1339,13,333,88,83,6,9,,,,0,,,13,41,
2023,51,1416,10,229,0,54,11,1,,,,0,,,6,16,
2023,52,1144,16,236,0,77,27,0,,,,13,,,0,,
2024,1,1256,14,207,0,60,30,0,,,,0,,,14,,
2024,2,1135,11,383,0,95,50,0,,,,0,,,21,24,
2024,3,1265,10,200,0,44,18,0,,,,0,,,10,3,
2024,4,1218,14,207,0,104,13,1,,,,0,,,5,7,
2024,5,944,3,207,2,45,9,4,,,,0,,,5,4,
2024,6,748,1,198,7,81,4,0,,,,0,,,0,17,
2024,7,1320,9,362,2,86,23,2,,,,0,,,1,17,
2024,8,1063,14,261,11,32,16,0,,,,0,,,5,13,
2024,9,888,2,379,4,68,12,0,,,,0,,,7,19,
2024,10,1431,6,396,5,65,7,2,,,,1,,,16,30,
2024,11,1320,8,120,2,45,34,0,,,,0,,,2,26,
2024,12,1127,16,288,6,66,58,0,,,,0,,,1,26,
2024,13,1481,19,199,3,61,72,0,,,,0,,,3,20,
2024,14,1348,9,212,4,74,41,0,35,,,,,,2,11,
2024,15,697,5,214,15,12,45,0,48,,,0,,,1,,
2024,16,1459,13,291,14,76,42,0,,,,0,,,5,15,
2024,17,1725,12,181,13,69,53,0,,,,0,,,5,17,
2024,18,1811,14,90,12,56,80,0,73,,,,,,1,17,
2024,19,2153,35,131,19,60,126,29,72,,,,,,1,13,
2024,20,2530,41,179,0,57,59,21,87,,,,,,2,14,
2024,21,2495,49,110,0,20,47,20,95,,,,,,4,18,
2024,22,2918,42,158,12,60,102,27,90,,,,,,10,30,
2024,23,2923,42,163,20,61,117,24,53,,,,,,8,22,
2024,24,2655,53,327,39,35,147,24,62,,57,,,,,7,
2024,25,2820,41,101,81,40,129,23,114,,,,,,3,15,
2024,26,4512,61,136,28,19,143,26,60,,14,,,,,13,
2024,27,2830,60,61,26,29,41,1,27,,19,,,,,11,
2024,28,3900,64,218,50,72,233,18,48,,1,,,,,19,
2024,29,3723,56,166,43,28,240,32,70,,20,,,,,18,
2024,30,4290,57,156,0,72,220,29,77,,32,,,,,32,
2024,31,4443,56,133,26,75,308,26,61,,25,,,,,20,
2024,32,4263,67,93,0,70,152,30,61,,28,,,,,8,
2024,33,2317,44,87,33,47,225,43,85,,20,,,,,23,
2024,34,4151,60,147,68,36,239,32,49,,19,,,,,24,
2024,35,3696,88,111,76,38,225,36,81,,32,,,,,20,
2024,36,2523,80,214,87,21,257,41,76,,23,,,,,17,
2024,37,2127,75,182,33,23,74,42,57,,63,,,,,10,
2024,38,1713,76,217,28,92,32,48,67,,84,,,,,20,
2024,39,1699,86,226,12,0,61,47,79,,0,,,,,7,
2024,40,1253,90,142,75,13,0,1,0,,16,,,,,47,
2024,41,1156,118,99,89,12,25,3,46,,74,,,,,20,
2024,42,1336,140,73,101,147,7,40,4,,14,,,,,87,
2024,43,1497,107,193,0,139,128,50,78,,54,,,,,9,
2024,44,1055,68,152,98,23,0,7,61,,39,,,,,10,
2024,45,1315,56,201,124,15,0,50,62,,53,,,,,7,
2024,46,1314,29,106,72,28,0,9,30,,16,,,,,7,
2024,47,1215,40,118,111,14,0,9,28,,74,,,,,3,
2024,48,1099,31,98,134,20,59,4,28,,85,,,,,9,
2024,49,1261,211,20,0,44,154,79,56,,71,,,,,7,
2024,50,1149,88,46,5,2,175,8,66,,8,,,,,20,
2024,51,793,236,19,0,12,194,31,1,,58,,,,,16,
2024,52,1064,212,23,0,38,163,14,11,,0,,,,,6,
2025,1,999,271,29,10,13,176,41,46,,0,,,,,14,
2025,2,1015,26,168,14,178,21,28,21,,,0,,,,7,
2025,3,968,5,112,0,92,16,43,22,,,0,,,,7,
2025,4,1066,8,175,15,112,12,50,57,,,0,,,,8,
2025,5,1056,7,158,4,137,32,9,25,,,0,,,,7,
2025,6,1020,5,153,20,125,20,13,14,,,0,,,9,,
2025,7,1222,4,168,0,160,27,26,29,,,,,,8,13,
2025,8,1456,0,152,0,153,24,46,24,,,,,,8,7,
2025,9,1456,0,152,0,153,24,46,24,,,,,,8,7,
2025,10,1326,2,121,0,89,26,8,5,,,0,,,6,,
2025,11,1610,7,188,0,149,43,10,12,,,0,,,4,,
2025,12,1520,7,176,0,141,0,12,13,,,18,,,6,,
2025,13,1312,12,147,27,126,42,38,45,,,0,,,11,,
2025,14,1449,6,116,21,129,25,14,27,,,0,,,6,,
2025,15,2319,14,164,6,122,47,24,28,,,0,,,14,,
2025,16,2616,9,178,0,110,40,24,25,,,0,,,,10,
2025,17,2842,9,186,10,105,36,39,29,,,0,,,3,,
2025,18,3149,16,155,10,81,60,24,32,,,0,,,4,,
2025,19,3829,16,152,12,121,49,12,37,,,0,,,,20,
2025,20,4197,27,108,41,119,63,46,84,,,0,,,3,,
2025,21,4626,23,178,84,48,122,69,78,,,0,,,7,,
2025,22,3705,19,143,42,95,39,27,78,,,0,,,9,,
2025,23,2416,29,101,23,97,105,8,43,,,0,,,,6,
2025,24,4587,12,96,0,105,87,85,77,,,0,,,8,,
2025,25,4183,44,145,0,93,96,50,60,,,0,,,,22,
2025,26,4232,31,108,0,103,52,42,92,,,0,,,,49,
2025,27,4619,16,78,21,75,57,52,57,,,0,,,,36,
2025,28,6626,34,120,35,78,101,40,53,,,0,,,,31,
2025,29,6024,25,121,3,64,156,63,111,,,0,,,,35,
2025,30,5770,47,131,12,77,140,12,102,,,0,,,,15,
2025,31,6203,68,89,9,55,72,23,132,,,0,,,,16,
2025,32,5118,83,121,0,112,24,5,146,,,0,,,,19,
2025,33,4564,53,70,0,39,46,37,106,,8,0,,,,,
2025,34,4551,41,273,5,84,59,45,113,,26,0,,,,,
2025,35,4384,96,444,4,81,47,46,130,,,0,,,,6,
2025,36,3663,101,478,2,82,29,40,115,,,0,8,,,,
2025,37,3898,141,416,11,65,105,57,126,,,0,,,,,9
2025,38,3523,155,411,2,79,46,73,99,,,,,,,11,72
2025,39,3271,111,407,1,97,89,34,130,,,0,,,,,80
2025,40,2647,143,396,0,102,57,46,146,,,0,,,,,94
2025,41,2399,134,348,0,131,47,55,125,,,,,,,6,78
2025,42,2160,128,365,0,141,73,64,108,,,0,,,,,25
2025,43,2242,131,342,0,116,37,31,110,,,0,,,,,76
2025,44,1993,100,508,0,148,72,56,116,,,,,,,7,43
2025,45,1891,60,608,0,143,64,89,127,,,,,,,10,22
2025,46,1912,53,676,0,191,73,22,118,,,0,,,,,7
2025,47,1635,25,566,0,120,75,60,131,,,0,,,16,,
2025,48,1650,29,650,0,117,86,35,119,,,0,,,21,,
2025,49,1562,28,588,0,114,38,34,146,,,0,,,17,,
2025,50,1240,55,193,159,85,26,37,85,,,0,,,4,,
2025,51,1455,26,253,0,70,33,62,149,,,0,,,22,,
2025,52,1314,17,184,0,56,55,51,196,,,0,,,21,,
2026,1,1292,8,216,0,91,45,48,130,,,0,,,19,,
2026,2,1570,20,231,0,83,52,49,152,,,0,,,14,,
2026,3,1462,18,154,38,50,34,7,99,,,0,,,16,,
2026,4,1300,8,213,0,39,45,25,59,,,0,,,20,,
2026,5,1383,14,240,0,80,60,24,202,,,0,,,13,,
2026,6,1806,20,251,0,85,66,78,150,,,0,,,10,,
2026,7,1760,18,185,0,80,63,31,213,,,0,,,13,,
2026,8,1877,16,201,0,92,50,8,55,,,0,,,3,,
2026,9,2040,11,206,0,78,66,21,93,,,0,,,9,,
2026,10,1843,35,110,0,72,49,18,41,,,0,,,3,,
2026,11,1791,1,44,0,62,26,9,80,,,0,,,7,,
2026,12,1369,11,115,1,55,23,7,124,,,0,,,5,,
2026,13,2082,26,200,0,25,56,17,163,,,0,,,10,,
2026,14,1850,15,175,0,64,38,25,139,,,0,,,5,,
2026,15,2351,14,80,0,77,46,11,191,,,0,,,4,,
2026,16,2303,15,88,0,70,34,0,179,,,0,,,6,,
2026,17,3188,32,205,0,73,118,54,254,,,0,,,4,,
2026,18,2861,44,207,0,67,53,44,260,,,0,,,10,,
2026,19,3886,22,52,0,86,27,25,158,,,0,,,4,,
2026,20,3815,35,252,0,97,56,42,240,,,0,,,6,,
2026,21,3779,21,176,0,66,106,35,257,,,0,,,1,,
2026,22,2370,15,141,0,41,44,12,229,,,0,,,3,,
2026,23,4582,41,247,0,88,64,24,231,,,0,,,9,,
2026,24,4932,34,36,0,57,74,33,182,,,0,,,4,,
2026,25,4526,65,154,,10,65,28,171,,,0,,,14,6,
2026,26,4650,82,198,0,12,118,38,182,,,0,,,,11,
2026,27,5673,101,193,0,75,135,8,189,,,0,,,15,,
2026,28,5454,47,33,0,43,99,8,163,,,0,,,6,,
