year,epi_week,position,condition,as_printed
2023,16,1,AD_noncholera,AD (NonCholera)
2023,16,2,Malaria,Malaria
2023,16,3,ILI,ILI
2023,16,4,SARI,SARI
2023,16,5,ALRI_u5,ALRI < 5 years
2023,16,6,Bloody_diarrhoea,B. Diarrhea
2023,16,7,Typhoid,Typhoid
2023,16,8,Dog_bite,Dog Bite
2023,16,9,AWD_cholera,AWD (S. Cholera)
2023,16,10,AVH,AVH (A & E)
2023,22,1,AD_noncholera,AD (NonCholera)
2023,22,2,Malaria,Malaria
2023,22,3,ILI,ILI
2023,22,4,SARI,SARI
2023,22,5,ALRI_u5,ALRI < 5 years
2023,22,6,Bloody_diarrhoea,B. Diarrhea
2023,22,7,Typhoid,Typhoid
2023,22,8,Dog_bite,Dog Bite
2023,22,9,AWD_cholera,AWD (S. Cholera)
2023,22,10,AVH,AVH (A & E)
2023,23,1,AD_noncholera,AD (NonCholera)
2023,23,2,Malaria,Malaria
2023,23,3,ILI,ILI
2023,23,4,SARI,SARI
2023,23,5,ALRI_u5,ALRI < 5 years
2023,23,6,Bloody_diarrhoea,B. Diarrhea
2023,23,7,Typhoid,Typhoid
2023,23,8,Dog_bite,Dog Bite
2023,23,9,AWD_cholera,AWD (S. Cholera)
2023,23,10,AVH,AVH (A & E)
2023,24,1,AD_noncholera,AD (NonCholera)
2023,24,2,Malaria,Malaria
2023,24,3,ILI,ILI
2023,24,4,SARI,SARI
2023,24,5,ALRI_u5,ALRI < 5 years
2023,24,6,Bloody_diarrhoea,B. Diarrhea
2023,24,7,Typhoid,Typhoid
2023,24,8,Dog_bite,Dog Bite
2023,24,9,AWD_cholera,AWD (S. Cholera)
2023,24,10,AVH,AVH (A & E)
2023,25,1,AD_noncholera,AD (NonCholera)
2023,25,2,Malaria,Malaria
2023,25,3,ILI,ILI
2023,25,4,SARI,SARI
2023,25,5,ALRI_u5,ALRI < 5 years
2023,25,6,Bloody_diarrhoea,B. Diarrhea
2023,25,7,Typhoid,Typhoid
2023,25,8,Dog_bite,Dog Bite
2023,25,9,AWD_cholera,AWD (S. Cholera)
2023,25,10,AVH,AVH (A & E)
2023,26,1,AD_noncholera,AD (NonCholera)
2023,26,2,Malaria,Malaria
2023,26,3,ILI,ILI
2023,26,4,SARI,SARI
2023,26,5,ALRI_u5,ALRI < 5 years
2023,26,6,Bloody_diarrhoea,B. Diarrhea
2023,26,7,Typhoid,Typhoid
2023,26,8,Dog_bite,Dog Bite
2023,26,9,AWD_cholera,AWD (S. Cholera)
2023,26,10,AVH,AVH (A & E)
2023,27,1,AD_noncholera,AD (NonCholera)
2023,27,2,Malaria,Malaria
2023,27,3,ILI,ILI
2023,27,4,SARI,SARI
2023,27,5,ALRI_u5,ALRI < 5 years
2023,27,6,Bloody_diarrhoea,B. Diarrhea
2023,27,7,Typhoid,Typhoid
2023,27,8,Dog_bite,Dog Bite
2023,27,9,AWD_cholera,AWD (S. Cholera)
2023,27,10,AVH,AVH (A & E)
2023,28,1,AD_noncholera,AD (NonCholera)
2023,28,2,Malaria,Malaria
2023,28,3,ILI,ILI
2023,28,4,SARI,SARI
2023,28,5,ALRI_u5,ALRI < 5 years
2023,28,6,Bloody_diarrhoea,B. Diarrhea
2023,28,7,Typhoid,Typhoid
2023,28,8,Dog_bite,Dog Bite
2023,28,9,AWD_cholera,AWD (S. Cholera)
2023,28,10,AVH,AVH (A & E)
2023,29,1,AD_noncholera,AD (NonCholera)
2023,29,2,Malaria,Malaria
2023,29,3,ILI,ILI
2023,29,4,SARI,SARI
2023,29,5,ALRI_u5,ALRI < 5 years
2023,29,6,Bloody_diarrhoea,B. Diarrhea
2023,29,7,Typhoid,Typhoid
2023,29,8,Dog_bite,Dog Bite
2023,29,9,AWD_cholera,AWD (S. Cholera)
2023,29,10,AVH,AVH (A & E)
2023,30,1,AD_noncholera,AD (NonCholera)
2023,30,2,Malaria,Malaria
2023,30,3,ILI,ILI
2023,30,4,SARI,SARI
2023,30,5,ALRI_u5,ALRI < 5 years
2023,30,6,Bloody_diarrhoea,B. Diarrhea
2023,30,7,Typhoid,Typhoid
2023,30,8,Dog_bite,Dog Bite
2023,30,9,AWD_cholera,AWD (S. Cholera)
2023,30,10,AVH,AVH (A & E)
2023,31,1,AD_noncholera,AD (NonCholera)
2023,31,2,Malaria,Malaria
2023,31,3,ILI,ILI
2023,31,4,SARI,SARI
2023,31,5,ALRI_u5,ALRI < 5 years
2023,31,6,Bloody_diarrhoea,B. Diarrhea
2023,31,7,Typhoid,Typhoid
2023,31,8,Dog_bite,Dog Bite
2023,31,9,AWD_cholera,AWD (S. Cholera)
2023,31,10,AVH,AVH (A & E)
2023,32,1,AD_noncholera,AD (NonCholera)
2023,32,2,Malaria,Malaria
2023,32,3,ILI,ILI
2023,32,4,Bloody_diarrhoea,B. Diarrhea
2023,32,5,SARI,SARI
2023,32,6,ALRI_u5,ALRI < 5 years
2023,32,7,Typhoid,Typhoid
2023,32,8,Cut_leishmaniasis,CL
2023,32,9,VH_BCD,"VH (B, C & D)"
2023,32,10,AVH,AVH (A & E)
2023,33,1,AD_noncholera,AD (NonCholera)
2023,33,2,Malaria,Malaria
2023,33,3,ILI,ILI
2023,33,4,SARI,Sari
2023,33,5,Typhoid,Typhoid
2023,33,6,Bloody_diarrhoea,B. Diarrhea
2023,33,7,ALRI_u5,ALRI <5 Years
2023,33,8,AVH,AVH (A & E)
2023,33,9,VH_BCD,"VH (B, C & D)"
2023,33,10,Cut_leishmaniasis,CL
2023,34,1,AD_noncholera,AD (NonCholera)
2023,34,2,Malaria,Malaria
2023,34,3,ILI,ILI
2023,34,4,SARI,SARI
2023,34,5,Typhoid,Typhoid
2023,34,6,Bloody_diarrhoea,B. Diarrhea
2023,34,7,ALRI_u5,ALRI < 5 years
2023,34,8,AVH,AVH (A & E)
2023,34,9,Cut_leishmaniasis,CL
2023,34,10,AWD_cholera,AWD (S. Cholera)
2023,35,1,AD_noncholera,AD (Non-Cholera)
2023,35,2,Malaria,Malaria
2023,35,3,ILI,ILI
2023,35,4,SARI,SARI
2023,35,5,ALRI_u5,ALRI <5 Years
2023,35,6,Typhoid,Typhoid
2023,35,7,Bloody_diarrhoea,B. Diarrhea
2023,35,8,AVH,AVH (A & E)
2023,35,9,Cut_leishmaniasis,CL
2023,35,10,Chickenpox,Chickenpox/Varicella
2023,36,1,AD_noncholera,AD (NonCholera)
2023,36,2,Malaria,Malaria
2023,36,3,ILI,ILI
2023,36,4,SARI,SARI
2023,36,5,Bloody_diarrhoea,B. Diarrhea
2023,36,6,Typhoid,Typhoid
2023,36,7,ALRI_u5,ALRI <5 Years
2023,36,8,Measles,Measles
2023,36,9,Chickenpox,Chickenpox/Varicella
2023,36,10,AVH,AVH (A & E)
2023,37,1,AD_noncholera,AD (NonCholera)
2023,37,2,Malaria,Malaria
2023,37,3,ILI,ILI
2023,37,4,Typhoid,Typhoid
2023,37,5,SARI,SARI
2023,37,6,ALRI_u5,ALRI <5 Years
2023,37,7,Bloody_diarrhoea,B. Diarrhea
2023,37,8,Cut_leishmaniasis,CL
2023,37,9,VH_BCD,"VH (B, C & D)"
2023,37,10,AVH,AVH (A & E)
2023,38,1,AD_noncholera,AD (NonCholera)
2023,38,2,Malaria,Malaria
2023,38,3,ILI,ILI
2023,38,4,Typhoid,Typhoid
2023,38,5,Bloody_diarrhoea,B. Diarrhea
2023,38,6,ALRI_u5,ALRI <5 Years
2023,38,7,SARI,SARI
2023,38,8,Cut_leishmaniasis,CL
2023,38,9,Dog_bite,Dog Bite
2023,38,10,AVH,AVH (A & E)
2023,39,1,AD_noncholera,AD (NonCholera)
2023,39,2,Malaria,Malaria
2023,39,3,ILI,ILI
2023,39,4,Typhoid,Typhoid
2023,39,5,ALRI_u5,ALRI <5 Years
2023,39,6,Bloody_diarrhoea,B. Diarrhea
2023,39,7,SARI,SARI
2023,39,8,Dog_bite,Dog Bite
2023,39,9,Cut_leishmaniasis,CL
2023,39,10,AVH,AVH (A & E)
2023,40,1,AD_noncholera,AD (NonCholera)
2023,40,2,Malaria,Malaria
2023,40,3,ILI,ILI
2023,40,4,SARI,SARI
2023,40,5,ALRI_u5,ALRI <5 Years
2023,40,6,Bloody_diarrhoea,B. Diarrhea
2023,40,7,Typhoid,Typhoid
2023,40,8,Cut_leishmaniasis,CL
2023,40,9,AVH,AVH (A & E)
2023,40,10,Dog_bite,Dog Bite
2023,41,1,AD_noncholera,AD (NonCholera)
2023,41,2,Malaria,Malaria
2023,41,3,ILI,ILI
2023,41,4,ALRI_u5,ALRI <5 Years
2023,41,5,SARI,SARI
2023,41,6,Bloody_diarrhoea,B. Diarrhea
2023,41,7,Typhoid,Typhoid
2023,41,8,Cut_leishmaniasis,CL
2023,41,9,AVH,AVH (A & E)
2023,41,10,VH_BCD,"VH (B,C & D)"
2023,42,1,AD_noncholera,AD (Non-Cholera)
2023,42,2,Malaria,Malaria
2023,42,3,ILI,ILI
2023,42,4,ALRI_u5,ALRI <5 Years
2023,42,5,SARI,SARI
2023,42,6,Bloody_diarrhoea,B. Diarrhea
2023,42,7,Typhoid,Typhoid
2023,42,8,Cut_leishmaniasis,CL
2023,42,9,AVH,AVH (A & E)
2023,42,10,Measles,Measels
2023,43,1,AD_noncholera,AD (NonCholera)
2023,43,2,Malaria,Malaria
2023,43,3,ILI,ILI
2023,43,4,ALRI_u5,ALRI <5 Years
2023,43,5,SARI,SARI
2023,43,6,Bloody_diarrhoea,B. Diarrhea
2023,43,7,Typhoid,Typhoid
2023,43,8,Cut_leishmaniasis,CL
2023,43,9,AVH,AVH (A & E)
2023,43,10,Measles,Measles
2023,44,1,AD_noncholera,AD (NonCholera)
2023,44,2,Malaria,Malaria
2023,44,3,ILI,ILI
2023,44,4,ALRI_u5,ALRI <5 Years
2023,44,5,SARI,SARI
2023,44,6,Bloody_diarrhoea,B. Diarrhea
2023,44,7,Typhoid,Typhoid
2023,44,8,Cut_leishmaniasis,CL
2023,44,9,AVH,AVH (A & E)
2023,44,10,Measles,Measles
2023,45,1,AD_noncholera,AD (NonCholera)
2023,45,2,ILI,ILI
2023,45,3,Malaria,Malaria
2023,45,4,ALRI_u5,ALRI <5 Years
2023,45,5,SARI,SARI
2023,45,6,Bloody_diarrhoea,B. Diarrhea
2023,45,7,Typhoid,Typhoid
2023,45,8,Cut_leishmaniasis,CL
2023,45,9,AVH,AVH (A & E)
2023,45,10,Measles,Measles
2023,46,1,AD_noncholera,AD (NonCholera)
2023,46,2,Malaria,Malaria
2023,46,3,ILI,ILI
2023,46,4,ALRI_u5,ALRI <5 Years
2023,46,5,SARI,SARI
2023,46,6,Bloody_diarrhoea,B. Diarrhea
2023,46,7,Typhoid,Typhoid
2023,46,8,Cut_leishmaniasis,CL
2023,46,9,Measles,Measles
2023,46,10,AVH,AVH (A & E)
2023,47,1,AD_noncholera,AD (NonCholera)
2023,47,2,ILI,ILI
2023,47,3,Malaria,Malaria
2023,47,4,ALRI_u5,ALRI <5 Years
2023,47,5,SARI,SARI
2023,47,6,Typhoid,Typhoid
2023,47,7,Bloody_diarrhoea,B. Diarrhea
2023,47,8,Cut_leishmaniasis,CL
2023,47,9,Measles,Measles
2023,47,10,VH_BCD,"VH (B,C & D)"
2023,48,1,AD_noncholera,AD (NonCholera)
2023,48,2,ILI,ILI
2023,48,3,Malaria,Malaria
2023,48,4,ALRI_u5,ALRI <5 Years
2023,48,5,SARI,SARI
2023,48,6,Bloody_diarrhoea,B. Diarrhea
2023,48,7,Typhoid,Typhoid
2023,48,8,Cut_leishmaniasis,CL
2023,48,9,Dog_bite,Dog Bite
2023,48,10,Measles,Measles
2023,49,1,AD_noncholera,AD (Non-Cholera)
2023,49,2,ILI,ILI
2023,49,3,Malaria,Malaria
2023,49,4,ALRI_u5,ALRI <5 Years
2023,49,5,SARI,SARI
2023,49,6,Typhoid,Typhoid
2023,49,7,Bloody_diarrhoea,B. Diarrhea
2023,49,8,Cut_leishmaniasis,CL
2023,49,9,Measles,Measles
2023,49,10,Dog_bite,Dog Bite
2023,50,1,AD_noncholera,AD (NonCholera)
2023,50,2,ILI,ILI
2023,50,3,Malaria,Malaria
2023,50,4,ALRI_u5,ALRI <5 Years
2023,50,5,SARI,SARI
2023,50,6,Typhoid,Typhoid
2023,50,7,Bloody_diarrhoea,B. Diarrhea
2023,50,8,TB,TB
2023,50,9,Cut_leishmaniasis,CL
2023,50,10,Measles,Measles
2023,51,1,AD_noncholera,AD (Non-Cholera)
2023,51,2,ILI,ILI
2023,51,3,Malaria,Malaria
2023,51,4,ALRI_u5,ALRI <5 Years
2023,51,5,SARI,SARI
2023,51,6,Typhoid,Typhoid
2023,51,7,Bloody_diarrhoea,B. Diarrhea
2023,51,8,TB,TB
2023,51,9,Cut_leishmaniasis,CL
2023,51,10,Measles,Measles
2023,52,1,AD_noncholera,AD (Non-Cholera)
2023,52,2,ILI,ILI
2023,52,3,Malaria,Malaria
2023,52,4,ALRI_u5,ALRI <5 Years
2023,52,5,SARI,SARI
2023,52,6,Typhoid,Typhoid
2023,52,7,Bloody_diarrhoea,B. Diarrhea
2023,52,8,Cut_leishmaniasis,CL
2023,52,9,Measles,Measles
2024,1,1,AD_noncholera,AD (NonCholera)
2024,1,2,ILI,ILI
2024,1,3,Malaria,Malaria
2024,1,4,ALRI_u5,ALRI <5 Years
2024,1,5,SARI,SARI
2024,1,6,Bloody_diarrhoea,B. Diarrhea
2024,1,7,Typhoid,Typhoid
2024,1,8,Measles,Measles
2024,1,9,Cut_leishmaniasis,CL
2024,2,1,AD_noncholera,AD (NonCholera)
2024,2,2,ILI,ILI
2024,2,3,Malaria,Malaria
2024,2,4,ALRI_u5,ALRI <5 Years
2024,2,5,SARI,SARI
2024,2,6,Bloody_diarrhoea,B. Diarrhea
2024,2,7,Typhoid,Typhoid
2024,2,8,Measles,Measles
2024,2,9,TB,TB
2024,2,10,Cut_leishmaniasis,CL
2024,3,1,AD_noncholera,AD (NonCholera)
2024,3,2,ILI,ILI
2024,3,3,Malaria,Malaria
2024,3,4,ALRI_u5,ALRI <5 Years
2024,3,5,SARI,SARI
2024,3,6,Bloody_diarrhoea,B. Diarrhea
2024,3,7,Typhoid,Typhoid
2024,3,8,Measles,Measles
2024,3,9,TB,TB
2024,3,10,Cut_leishmaniasis,CL
2024,4,1,AD_noncholera,AD (NonCholera)
2024,4,2,ILI,ILI
2024,4,3,ALRI_u5,ALRI <5 Years
2024,4,4,Malaria,Malaria
2024,4,5,SARI,SARI
2024,4,6,Typhoid,Typhoid
2024,4,7,Measles,Measles
2024,4,8,TB,TB
2024,4,9,Bloody_diarrhoea,B. Diarrhea
2024,4,10,Cut_leishmaniasis,CL
2024,5,1,AD_noncholera,AD (NonCholera)
2024,5,2,ILI,ILI
2024,5,3,Malaria,Malaria
2024,5,4,ALRI_u5,ALRI <5 Years
2024,5,5,SARI,SARI
2024,5,6,Bloody_diarrhoea,B. Diarrhea
2024,5,7,Measles,Measles
2024,5,8,Typhoid,Typhoid
2024,5,9,TB,TB
2024,5,10,Cut_leishmaniasis,CL
2024,6,1,AD_noncholera,AD (NonCholera)
2024,6,2,ILI,ILI
2024,6,3,Malaria,Malaria
2024,6,4,ALRI_u5,ALRI <5 Years
2024,6,5,SARI,SARI
2024,6,6,Bloody_diarrhoea,B. Diarrhea
2024,6,7,Typhoid,Typhoid
2024,6,8,Measles,Measles
2024,6,9,TB,TB
2024,6,10,Cut_leishmaniasis,CL
2024,7,1,AD_noncholera,AD (NonCholera)
2024,7,2,ILI,ILI
2024,7,3,Malaria,Malaria
2024,7,4,ALRI_u5,ALRI <5 Years
2024,7,5,SARI,SARI
2024,7,6,Bloody_diarrhoea,B. Diarrhea
2024,7,7,Typhoid,Typhoid
2024,7,8,Measles,Measles
2024,7,9,TB,TB
2024,7,10,Cut_leishmaniasis,CL
2024,8,1,AD_noncholera,AD (NonCholera)
2024,8,2,ILI,ILI
2024,8,3,Malaria,Malaria
2024,8,4,ALRI_u5,ALRI <5 Years
2024,8,5,SARI,SARI
2024,8,6,Bloody_diarrhoea,B. Diarrhea
2024,8,7,Measles,Measles
2024,8,8,Typhoid,Typhoid
2024,8,9,TB,TB
2024,8,10,Cut_leishmaniasis,CL
2024,9,1,AD_noncholera,AD (NonCholera)
2024,9,2,ILI,ILI
2024,9,3,Malaria,Malaria
2024,9,4,ALRI_u5,ALRI <5 Years
2024,9,5,SARI,SARI
2024,9,6,Measles,Measles
2024,9,7,Typhoid,Typhoid
2024,9,8,Bloody_diarrhoea,B. Diarrhea
2024,9,9,TB,TB
2024,9,10,Cut_leishmaniasis,CL
2024,10,1,AD_noncholera,AD (NonCholera)
2024,10,2,ILI,ILI
2024,10,3,Malaria,Malaria
2024,10,4,ALRI_u5,ALRI <5 Years
2024,10,5,SARI,SARI
2024,10,6,Measles,Measles
2024,10,7,Typhoid,Typhoid
2024,10,8,Bloody_diarrhoea,B. Diarrhea
2024,10,9,TB,TB
2024,10,10,Cut_leishmaniasis,CL
2024,11,1,AD_noncholera,AD (NonCholera)
2024,11,2,ILI,ILI
2024,11,3,Malaria,Malaria
2024,11,4,ALRI_u5,ALRI <5 Years
2024,11,5,SARI,SARI
2024,11,6,Bloody_diarrhoea,B. Diarrhea
2024,11,7,Typhoid,Typhoid
2024,11,8,TB,TB
2024,11,9,Measles,Measles
2024,11,10,Cut_leishmaniasis,CL
2024,12,1,AD_noncholera,AD (NonCholera)
2024,12,2,ILI,ILI
2024,12,3,Malaria,Malaria
2024,12,4,ALRI_u5,ALRI <5 Years
2024,12,5,SARI,SARI
2024,12,6,Bloody_diarrhoea,B. Diarrhea
2024,12,7,Typhoid,Typhoid
2024,12,8,TB,TB
2024,12,9,Measles,Measles
2024,12,10,Cut_leishmaniasis,CL
2024,13,1,AD_noncholera,AD (NonCholera)
2024,13,2,ILI,ILI
2024,13,3,Malaria,Malaria
2024,13,4,ALRI_u5,ALRI <5 Years
2024,13,5,SARI,SARI
2024,13,6,Bloody_diarrhoea,B. Diarrhea
2024,13,7,Typhoid,Typhoid
2024,13,8,Measles,Measles
2024,13,9,TB,TB
2024,13,10,Cut_leishmaniasis,CL
2024,14,1,AD_noncholera,AD (NonCholera)
2024,14,2,ILI,ILI
2024,14,3,Malaria,Malaria
2024,14,4,ALRI_u5,ALRI <5 Years
2024,14,5,SARI,SARI
2024,14,6,Bloody_diarrhoea,B. Diarrhea
2024,14,7,Typhoid,Typhoid
2024,14,8,Measles,Measles
2024,14,9,TB,TB
2024,14,10,Dog_bite,Dog Bite
2024,15,1,AD_noncholera,AD (Non-Cholera)
2024,15,2,ILI,ILI
2024,15,3,Malaria,Malaria
2024,15,4,ALRI_u5,ALRI <5 Years
2024,15,5,SARI,SARI
2024,15,6,Bloody_diarrhoea,B. Diarrhea
2024,15,7,Typhoid,Typhoid
2024,15,8,Measles,Measles
2024,15,9,Dog_bite,Dog Bite
2024,15,10,Cut_leishmaniasis,CL
2024,16,1,AD_noncholera,AD (NonCholera)
2024,16,2,ILI,ILI
2024,16,3,Malaria,Malaria
2024,16,4,ALRI_u5,ALRI <5 Years
2024,16,5,SARI,SARI
2024,16,6,Bloody_diarrhoea,B. Diarrhea
2024,16,7,Typhoid,Typhoid
2024,16,8,TB,TB
2024,16,9,Measles,Measles
2024,16,10,Cut_leishmaniasis,CL
2024,17,1,AD_noncholera,AD (NonCholera)
2024,17,2,ILI,ILI
2024,17,3,Malaria,Malaria
2024,17,4,ALRI_u5,ALRI <5 Years
2024,17,5,SARI,SARI
2024,17,6,Bloody_diarrhoea,B. Diarrhea
2024,17,7,Typhoid,Typhoid
2024,17,8,TB,TB
2024,17,9,Cut_leishmaniasis,CL
2024,17,10,Measles,Measles
2024,18,1,AD_noncholera,AD (NonCholera)
2024,18,2,ILI,ILI
2024,18,3,Malaria,Malaria
2024,18,4,SARI,SARI
2024,18,5,ALRI_u5,ALRI <5 Years
2024,18,6,Bloody_diarrhoea,B. Diarrhea
2024,18,7,Typhoid,Typhoid
2024,18,8,TB,TB
2024,18,9,Measles,Measles
2024,18,10,Dog_bite,Dog Bite
2024,19,1,AD_noncholera,AD (NonCholera)
2024,19,2,ILI,ILI
2024,19,3,Malaria,Malaria
2024,19,4,ALRI_u5,ALRI <5 Years
2024,19,5,SARI,SARI
2024,19,6,Bloody_diarrhoea,B. Diarrhea
2024,19,7,Dog_bite,Dog Bite
2024,19,8,Typhoid,Typhoid
2024,19,9,TB,TB
2024,19,10,Measles,Measles
2024,20,1,AD_noncholera,AD (NonCholera)
2024,20,2,Malaria,Malaria
2024,20,3,ILI,ILI
2024,20,4,ALRI_u5,ALRI <5 Years
2024,20,5,SARI,SARI
2024,20,6,Bloody_diarrhoea,B. Diarrhea
2024,20,7,Typhoid,Typhoid
2024,20,8,Dog_bite,Dog Bite
2024,20,9,TB,TB
2024,20,10,Measles,Measles
2024,21,1,AD_noncholera,AD (NonCholera)
2024,21,2,Malaria,Malaria
2024,21,3,ILI,ILI
2024,21,4,Bloody_diarrhoea,B. Diarrhea
2024,21,5,ALRI_u5,ALRI <5 Years
2024,21,6,SARI,SARI
2024,21,7,Typhoid,Typhoid
2024,21,8,Dog_bite,Dog Bite
2024,21,9,Measles,Measles
2024,21,10,TB,TB
2024,22,1,AD_noncholera,AD (NonCholera)
2024,22,2,Malaria,Malaria
2024,22,3,ILI,ILI
2024,22,4,ALRI_u5,ALRI <5 Years
2024,22,5,Bloody_diarrhoea,B.Diarrhea
2024,22,6,SARI,SARI
2024,22,7,Typhoid,Typhoid
2024,22,8,Dog_bite,Dog Bite
2024,22,9,TB,TB
2024,22,10,Measles,Measles
2024,23,1,AD_noncholera,AD (NonCholera)
2024,23,2,Malaria,Malaria
2024,23,3,ILI,ILI
2024,23,4,ALRI_u5,ALRI <5 Years
2024,23,5,Bloody_diarrhoea,B.Diarrhea
2024,23,6,SARI,SARI
2024,23,7,Dog_bite,Dog Bite
2024,23,8,Typhoid,Typhoid
2024,23,9,TB,TB
2024,23,10,Measles,Measles
2024,24,1,AD_noncholera,AD (NonCholera)
2024,24,2,Malaria,Malaria
2024,24,3,ILI,ILI
2024,24,4,Bloody_diarrhoea,B.Diarrhea
2024,24,5,ALRI_u5,ALRI <5 Years
2024,24,6,SARI,SARI
2024,24,7,Typhoid,Typhoid
2024,24,8,Dog_bite,Dog Bite
2024,24,9,TB,TB
2024,24,10,AVH,AVH (A&E)
2024,25,1,AD_noncholera,AD (NonCholera)
2024,25,2,Malaria,Malaria
2024,25,3,ILI,ILI
2024,25,4,Bloody_diarrhoea,B.Diarrhea
2024,25,5,ALRI_u5,ALRI <5 Years
2024,25,6,SARI,SARI
2024,25,7,Dog_bite,Dog Bite
2024,25,8,Typhoid,Typhoid
2024,25,9,TB,TB
2024,25,10,Measles,Measles
2024,26,1,AD_noncholera,AD (NonCholera)
2024,26,2,Malaria,Malaria
2024,26,3,ILI,ILI
2024,26,4,Bloody_diarrhoea,B.Diarrhea
2024,26,5,SARI,SARI
2024,26,6,ALRI_u5,ALRI <5 Years
2024,26,7,Typhoid,Typhoid
2024,26,8,TB,TB
2024,26,9,Dog_bite,Dog Bite
2024,26,10,AVH,AVH (A&E)
2024,27,1,AD_noncholera,AD (NonCholera)
2024,27,2,Malaria,Malaria
2024,27,3,ILI,ILI
2024,27,4,Bloody_diarrhoea,B.Diarrhea
2024,27,5,ALRI_u5,ALRI <5 Years
2024,27,6,SARI,SARI
2024,27,7,Typhoid,Typhoid
2024,27,8,Dog_bite,Dog Bite
2024,27,9,TB,TB
2024,27,10,AVH,AVH (A&E)
2024,28,1,AD_noncholera,AD (NonCholera)
2024,28,2,Malaria,Malaria
2024,28,3,ILI,ILI
2024,28,4,Bloody_diarrhoea,B.Diarrhea
2024,28,5,SARI,SARI
2024,28,6,ALRI_u5,ALRI <5 Years
2024,28,7,Typhoid,Typhoid
2024,28,8,Dog_bite,Dog Bite
2024,28,9,TB,TB
2024,28,10,AVH,AVH (A&E)
2024,29,1,AD_noncholera,AD (NonCholera)
2024,29,2,Malaria,Malaria
2024,29,3,ILI,ILI
2024,29,4,Bloody_diarrhoea,B.Diarrhea
2024,29,5,ALRI_u5,ALRI <5 Years
2024,29,6,SARI,SARI
2024,29,7,Typhoid,Typhoid
2024,29,8,Dog_bite,Dog Bite
2024,29,9,TB,TB
2024,29,10,AVH,AVH (A&E)
2024,30,1,AD_noncholera,AD (NonCholera)
2024,30,2,Malaria,Malaria
2024,30,3,ILI,ILI
2024,30,4,Bloody_diarrhoea,B.Diarrhea
2024,30,5,SARI,SARI
2024,30,6,ALRI_u5,ALRI <5 Years
2024,30,7,Typhoid,Typhoid
2024,30,8,Dog_bite,Dog Bite
2024,30,9,TB,TB
2024,30,10,AVH,AVH (A&E)
2024,31,1,AD_noncholera,AD (NonCholera)
2024,31,2,Malaria,Malaria
2024,31,3,ILI,ILI
2024,31,4,Bloody_diarrhoea,B.Diarrhea
2024,31,5,ALRI_u5,ALRI <5 Years
2024,31,6,SARI,SARI
2024,31,7,Typhoid,Typhoid
2024,31,8,Dog_bite,Dog Bite
2024,31,9,TB,TB
2024,31,10,AVH,AVH (A&E)
2024,32,1,AD_noncholera,AD (NonCholera)
2024,32,2,Malaria,Malaria
2024,32,3,ILI,ILI
2024,32,4,Bloody_diarrhoea,B.Diarrhea
2024,32,5,ALRI_u5,ALRI <5 Years
2024,32,6,SARI,SARI
2024,32,7,Typhoid,Typhoid
2024,32,8,Dog_bite,Dog Bite
2024,32,9,TB,TB
2024,32,10,AVH,AVH (A&E)
2024,33,1,AD_noncholera,AD (NonCholera)
2024,33,2,Malaria,Malaria
2024,33,3,ILI,ILI
2024,33,4,Bloody_diarrhoea,B.Diarrhea
2024,33,5,SARI,SARI
2024,33,6,ALRI_u5,ALRI <5 Years
2024,33,7,Typhoid,Typhoid
2024,33,8,Dog_bite,Dog Bite
2024,33,9,TB,TB
2024,33,10,AVH,AVH (A&E)
2024,34,1,AD_noncholera,AD (NonCholera)
2024,34,2,Malaria,Malaria
2024,34,3,ILI,ILI
2024,34,4,Bloody_diarrhoea,B.Diarrhea
2024,34,5,SARI,SARI
2024,34,6,ALRI_u5,ALRI <5 Years
2024,34,7,Typhoid,Typhoid
2024,34,8,Dog_bite,Dog Bite
2024,34,9,TB,TB
2024,34,10,AVH,AVH (A&E)
2024,35,1,AD_noncholera,AD (NonCholera)
2024,35,2,Malaria,Malaria
2024,35,3,ILI,ILI
2024,35,4,Bloody_diarrhoea,B.Diarrhea
2024,35,5,SARI,SARI
2024,35,6,ALRI_u5,ALRI <5 Years
2024,35,7,Typhoid,Typhoid
2024,35,8,Dog_bite,Dog Bite
2024,35,9,TB,TB
2024,35,10,AVH,AVH (A&E)
2024,36,1,AD_noncholera,AD (NonCholera)
2024,36,2,Malaria,Malaria
2024,36,3,ILI,ILI
2024,36,4,Bloody_diarrhoea,B.Diarrhea
2024,36,5,SARI,SARI
2024,36,6,ALRI_u5,ALRI <5 Years
2024,36,7,Typhoid,Typhoid
2024,36,8,Dog_bite,Dog Bite
2024,36,9,TB,TB
2024,36,10,AVH,AVH (A&E)
2024,37,1,AD_noncholera,AD (NonCholera)
2024,37,2,Malaria,Malaria
2024,37,3,ILI,ILI
2024,37,4,Bloody_diarrhoea,B.Diarrhea
2024,37,5,SARI,SARI
2024,37,6,ALRI_u5,ALRI <5 Years
2024,37,7,Typhoid,Typhoid
2024,37,8,Dog_bite,Dog Bite
2024,37,9,TB,TB
2024,37,10,AVH,AVH (A&E)
2024,38,1,AD_noncholera,AD (NonCholera)
2024,38,2,Malaria,Malaria
2024,38,3,ILI,ILI
2024,38,4,Bloody_diarrhoea,B.Diarrhea
2024,38,5,SARI,SARI
2024,38,6,ALRI_u5,ALRI <5 Years
2024,38,7,Typhoid,Typhoid
2024,38,8,Dog_bite,Dog Bite
2024,38,9,TB,TB
2024,38,10,AVH,AVH (A&E)
2024,39,1,AD_noncholera,AD (NonCholera)
2024,39,2,Malaria,Malaria
2024,39,3,ILI,ILI
2024,39,4,Bloody_diarrhoea,B.Diarrhea
2024,39,5,SARI,SARI
2024,39,6,ALRI_u5,ALRI <5 Years
2024,39,7,Typhoid,Typhoid
2024,39,8,Dog_bite,Dog Bite
2024,39,9,TB,TB
2024,39,10,AVH,AVH (A&E)
2024,40,1,AD_noncholera,AD (NonCholera)
2024,40,2,Malaria,Malaria
2024,40,3,ILI,ILI
2024,40,4,Bloody_diarrhoea,B.Diarrhea
2024,40,5,SARI,SARI
2024,40,6,ALRI_u5,ALRI <5 Years
2024,40,7,Typhoid,Typhoid
2024,40,8,Dog_bite,Dog Bite
2024,40,9,TB,TB
2024,40,10,AVH,AVH (A&E)
2024,41,1,AD_noncholera,AD (NonCholera)
2024,41,2,Malaria,Malaria
2024,41,3,ILI,ILI
2024,41,4,Bloody_diarrhoea,B.Diarrhea
2024,41,5,SARI,SARI
2024,41,6,ALRI_u5,ALRI <5 Years
2024,41,7,Typhoid,Typhoid
2024,41,8,Dog_bite,Dog Bite
2024,41,9,TB,TB
2024,41,10,AVH,AVH (A&E)
2024,42,1,AD_noncholera,AD (NonCholera)
2024,42,2,Malaria,Malaria
2024,42,3,ILI,ILI
2024,42,4,Bloody_diarrhoea,B.Diarrhea
2024,42,5,SARI,SARI
2024,42,6,ALRI_u5,ALRI <5 Years
2024,42,7,Typhoid,Typhoid
2024,42,8,Dog_bite,Dog Bite
2024,42,9,TB,TB
2024,42,10,AVH,AVH (A&E)
2024,43,1,AD_noncholera,AD (NonCholera)
2024,43,2,Malaria,Malaria
2024,43,3,ILI,ILI
2024,43,4,Bloody_diarrhoea,B.Diarrhea
2024,43,5,SARI,SARI
2024,43,6,ALRI_u5,ALRI <5 Years
2024,43,7,Typhoid,Typhoid
2024,43,8,Dog_bite,Dog Bite
2024,43,9,TB,TB
2024,43,10,AVH,AVH (A&E)
2024,44,1,AD_noncholera,AD (NonCholera)
2024,44,2,Malaria,Malaria
2024,44,3,ILI,ILI
2024,44,4,Bloody_diarrhoea,B.Diarrhea
2024,44,5,SARI,SARI
2024,44,6,ALRI_u5,ALRI <5 Years
2024,44,7,Typhoid,Typhoid
2024,44,8,Dog_bite,Dog Bite
2024,44,9,TB,TB
2024,44,10,AVH,AVH (A&E)
2024,45,1,AD_noncholera,AD (NonCholera)
2024,45,2,Malaria,Malaria
2024,45,3,ILI,ILI
2024,45,4,Bloody_diarrhoea,B.Diarrhea
2024,45,5,SARI,SARI
2024,45,6,ALRI_u5,ALRI <5 Years
2024,45,7,Typhoid,Typhoid
2024,45,8,Dog_bite,Dog Bite
2024,45,9,TB,TB
2024,45,10,AVH,AVH (A&E)
2024,46,1,AD_noncholera,AD (NonCholera)
2024,46,2,Malaria,Malaria
2024,46,3,ILI,ILI
2024,46,4,Bloody_diarrhoea,B.Diarrhea
2024,46,5,SARI,SARI
2024,46,6,ALRI_u5,ALRI <5 Years
2024,46,7,Typhoid,Typhoid
2024,46,8,Dog_bite,Dog Bite
2024,46,9,TB,TB
2024,46,10,AVH,AVH (A&E)
2024,47,1,AD_noncholera,AD (NonCholera)
2024,47,2,Malaria,Malaria
2024,47,3,ILI,ILI
2024,47,4,Bloody_diarrhoea,B.Diarrhea
2024,47,5,SARI,SARI
2024,47,6,ALRI_u5,ALRI <5 Years
2024,47,7,Typhoid,Typhoid
2024,47,8,Dog_bite,Dog Bite
2024,47,9,TB,TB
2024,47,10,AVH,AVH (A&E)
2024,48,1,AD_noncholera,AD (NonCholera)
2024,48,2,Malaria,Malaria
2024,48,3,ILI,ILI
2024,48,4,Bloody_diarrhoea,B.Diarrhea
2024,48,5,SARI,SARI
2024,48,6,ALRI_u5,ALRI <5 Years
2024,48,7,Typhoid,Typhoid
2024,48,8,Dog_bite,Dog Bite
2024,48,9,TB,TB
2024,48,10,AVH,AVH (A&E)
2024,49,1,AD_noncholera,AD (NonCholera)
2024,49,2,Malaria,Malaria
2024,49,3,ILI,ILI
2024,49,4,Bloody_diarrhoea,B.Diarrhea
2024,49,5,SARI,SARI
2024,49,6,ALRI_u5,ALRI <5 Years
2024,49,7,Typhoid,Typhoid
2024,49,8,Dog_bite,Dog Bite
2024,49,9,TB,TB
2024,49,10,AVH,AVH (A&E)
2024,50,1,AD_noncholera,AD (NonCholera)
2024,50,2,Malaria,Malaria
2024,50,3,ILI,ILI
2024,50,4,Bloody_diarrhoea,B.Diarrhea
2024,50,5,SARI,SARI
2024,50,6,ALRI_u5,ALRI <5 Years
2024,50,7,Typhoid,Typhoid
2024,50,8,Dog_bite,Dog Bite
2024,50,9,TB,TB
2024,50,10,AVH,AVH (A&E)
2024,51,1,AD_noncholera,AD (NonCholera)
2024,51,2,Malaria,Malaria
2024,51,3,ILI,ILI
2024,51,4,Bloody_diarrhoea,B.Diarrhea
2024,51,5,SARI,SARI
2024,51,6,ALRI_u5,ALRI <5 Years
2024,51,7,Typhoid,Typhoid
2024,51,8,Dog_bite,Dog Bite
2024,51,9,TB,TB
2024,51,10,AVH,AVH (A&E)
2024,52,1,AD_noncholera,AD (NonCholera)
2024,52,2,Malaria,Malaria
2024,52,3,ILI,ILI
2024,52,4,Bloody_diarrhoea,B.Diarrhea
2024,52,5,SARI,SARI
2024,52,6,ALRI_u5,ALRI <5 Years
2024,52,7,Typhoid,Typhoid
2024,52,8,Dog_bite,Dog Bite
2024,52,9,TB,TB
2024,52,10,AVH,AVH (A&E)
2025,1,1,AD_noncholera,AD (NonCholera)
2025,1,2,Malaria,Malaria
2025,1,3,ILI,ILI
2025,1,4,Bloody_diarrhoea,B.Diarrhea
2025,1,5,SARI,SARI
2025,1,6,ALRI_u5,ALRI <5 Years
2025,1,7,Typhoid,Typhoid
2025,1,8,Dog_bite,Dog Bite
2025,1,9,TB,TB
2025,1,10,AVH,AVH (A&E)
2025,2,1,AD_noncholera,AD (NonCholera)
2025,2,2,ILI,ILI
2025,2,3,Malaria,Malaria
2025,2,4,ALRI_u5,ALRI <5 Years
2025,2,5,SARI,SARI
2025,2,6,Bloody_diarrhoea,B.Diarrhea
2025,2,7,Dog_bite,Dog Bite
2025,2,8,Typhoid,Typhoid
2025,2,9,TB,TB
2025,2,10,Cut_leishmaniasis,CL
2025,3,1,AD_noncholera,AD (NonCholera)
2025,3,2,ILI,ILI
2025,3,3,Malaria,Malaria
2025,3,4,SARI,SARI
2025,3,5,ALRI_u5,ALRI < 5 years
2025,3,6,Bloody_diarrhoea,B. Diarrhea
2025,3,7,Dog_bite,Dog Bite
2025,3,8,Typhoid,Typhoid
2025,3,9,TB,TB
2025,3,10,Cut_leishmaniasis,CL
2025,4,1,AD_noncholera,AD (NonCholera)
2025,4,2,ILI,ILI
2025,4,3,Malaria,Malaria
2025,4,4,ALRI_u5,ALRI < 5 years
2025,4,5,SARI,SARI
2025,4,6,Bloody_diarrhoea,B. Diarrhea
2025,4,7,Dog_bite,Dog Bite
2025,4,8,Typhoid,Typhoid
2025,4,9,TB,TB
2025,4,10,Cut_leishmaniasis,CL
2025,5,1,AD_noncholera,AD (NonCholera)
2025,5,2,ILI,ILI
2025,5,3,Malaria,Malaria
2025,5,4,ALRI_u5,ALRI < 5 years
2025,5,5,SARI,SARI
2025,5,6,Bloody_diarrhoea,B. Diarrhea
2025,5,7,Dog_bite,Dog Bite
2025,5,8,Typhoid,Typhoid
2025,5,9,Cut_leishmaniasis,CL
2025,5,10,TB,TB
2025,6,1,AD_noncholera,AD (noncholera)
2025,6,2,ILI,ILI
2025,6,3,Malaria,Malaria
2025,6,4,ALRI_u5,ALRI < 5 years
2025,6,5,SARI,SARI
2025,6,6,Dog_bite,Dog Bite
2025,6,7,Bloody_diarrhoea,B. Diarrhea
2025,6,8,Typhoid,Typhoid
2025,6,9,Cut_leishmaniasis,CL
2025,6,10,Measles,Measles
2025,7,1,AD_noncholera,AD (noncholera)
2025,7,2,ILI,ILI
2025,7,3,Malaria,Malaria
2025,7,4,ALRI_u5,ALRI < 5 years
2025,7,5,SARI,SARI
2025,7,6,Dog_bite,Dog Bite
2025,7,7,Bloody_diarrhoea,B. Diarrhea
2025,7,8,Typhoid,Typhoid
2025,7,9,TB,TB
2025,7,10,Measles,Measles
2025,8,1,AD_noncholera,AD (noncholera)
2025,8,2,ILI,ILI
2025,8,3,Malaria,Malaria
2025,8,4,ALRI_u5,ALRI < 5 years
2025,8,5,SARI,SARI
2025,8,6,Dog_bite,Dog Bite
2025,8,7,Bloody_diarrhoea,B. Diarrhea
2025,8,8,Typhoid,Typhoid
2025,8,9,Measles,Measles
2025,8,10,TB,TB
2025,9,1,AD_noncholera,AD (noncholera)
2025,9,2,ILI,ILI
2025,9,3,Malaria,Malaria
2025,9,4,ALRI_u5,ALRI < 5 years
2025,9,5,SARI,SARI
2025,9,6,Dog_bite,Dog Bite
2025,9,7,Bloody_diarrhoea,B. Diarrhea
2025,9,8,Typhoid,Typhoid
2025,9,9,Measles,Measles
2025,9,10,TB,TB
2025,10,1,AD_noncholera,AD (NonCholera)
2025,10,2,ILI,ILI
2025,10,3,Malaria,Malaria
2025,10,4,ALRI_u5,ALRI < 5 years
2025,10,5,SARI,SARI
2025,10,6,Bloody_diarrhoea,B. Diarrhea
2025,10,7,Dog_bite,Dog Bite
2025,10,8,Typhoid,Typhoid
2025,10,9,Cut_leishmaniasis,CL
2025,10,10,Measles,Measles
2025,11,1,AD_noncholera,AD (NonCholera)
2025,11,2,ILI,ILI
2025,11,3,Malaria,Malaria
2025,11,4,ALRI_u5,ALRI < 5 years
2025,11,5,Dog_bite,Dog Bite
2025,11,6,Bloody_diarrhoea,B. Diarrhea
2025,11,7,SARI,SARI
2025,11,8,Cut_leishmaniasis,CL
2025,11,9,Typhoid,Typhoid
2025,11,10,Measles,Measles
2025,12,1,AD_noncholera,AD (NonCholeraA)
2025,12,2,ILI,ILI
2025,12,3,Malaria,Malaria
2025,12,4,ALRI_u5,ALRI < 5 years
2025,12,5,Dog_bite,Dog Bite
2025,12,6,Bloody_diarrhoea,B. Diarrhea
2025,12,7,SARI,SARI
2025,12,8,Cut_leishmaniasis,CL
2025,12,9,Typhoid,Typhoid
2025,12,10,Measles,Measles
2025,13,1,AD_noncholera,AD (NonCholeraI)
2025,13,2,ILI,ILI
2025,13,3,Malaria,Malaria
2025,13,4,ALRI_u5,ALRI < 5 years
2025,13,5,Dog_bite,Dog Bite
2025,13,6,Bloody_diarrhoea,B. Diarrhea
2025,13,7,SARI,SARI
2025,13,8,Cut_leishmaniasis,CL
2025,13,9,Typhoid,Typhoid
2025,13,10,Measles,Measles
2025,14,1,AD_noncholera,AD (noncholera)
2025,14,2,ILI,ILI
2025,14,3,Malaria,Malaria
2025,14,4,ALRI_u5,ALRI < 5 years
2025,14,5,SARI,SARI
2025,14,6,Dog_bite,Dog Bite
2025,14,7,Bloody_diarrhoea,B. Diarrhea
2025,14,8,Cut_leishmaniasis,CL
2025,14,9,Measles,Measles
2025,14,10,Typhoid,Typhoid
2025,15,1,AD_noncholera,AD (noncholera)
2025,15,2,ILI,ILI
2025,15,3,Malaria,Malaria
2025,15,4,ALRI_u5,ALRI < 5 years
2025,15,5,Bloody_diarrhoea,B. Diarrhea
2025,15,6,Dog_bite,Dog Bite
2025,15,7,Cut_leishmaniasis,CL
2025,15,8,SARI,SARI
2025,15,9,Typhoid,Typhoid
2025,15,10,Measles,Measles
2025,16,1,AD_noncholera,AD (noncholera)
2025,16,2,ILI,ILI
2025,16,3,Malaria,Malaria
2025,16,4,Bloody_diarrhoea,B. Diarrhea
2025,16,5,ALRI_u5,ALRI < 5 years
2025,16,6,Dog_bite,Dog Bite
2025,16,7,SARI,SARI
2025,16,8,Typhoid,Typhoid
2025,16,9,Cut_leishmaniasis,CL
2025,16,10,TB,TB
2025,17,1,AD_noncholera,AD (noncholera)
2025,17,2,ILI,ILI
2025,17,3,Malaria,Malaria
2025,17,4,ALRI_u5,ALRI < 5 years
2025,17,5,Bloody_diarrhoea,B. Diarrhea
2025,17,6,Dog_bite,Dog Bite
2025,17,7,SARI,SARI
2025,17,8,Typhoid,Typhoid
2025,17,9,Cut_leishmaniasis,CL
2025,17,10,Measles,Measles
2025,18,1,AD_noncholera,AD (noncholera)
2025,18,2,ILI,ILI
2025,18,3,Malaria,Malaria
2025,18,4,Bloody_diarrhoea,B. Diarrhea
2025,18,5,ALRI_u5,ALRI < 5 years
2025,18,6,Dog_bite,Dog Bite
2025,18,7,Typhoid,Typhoid
2025,18,8,SARI,SARI
2025,18,9,Cut_leishmaniasis,CL
2025,18,10,Measles,Measles
2025,19,1,AD_noncholera,AD (NonCholera)
2025,19,2,ILI,ILI
2025,19,3,Malaria,Malaria
2025,19,4,Bloody_diarrhoea,B. Diarrhea
2025,19,5,ALRI_u5,ALRI < 5 years
2025,19,6,Dog_bite,Dog Bite
2025,19,7,SARI,SARI
2025,19,8,Typhoid,Typhoid
2025,19,9,Cut_leishmaniasis,CL
2025,19,10,TB,TB
2025,20,1,AD_noncholera,AD (noncholera)
2025,20,2,ILI,ILI
2025,20,3,Malaria,Malaria
2025,20,4,Bloody_diarrhoea,B. Diarrhea
2025,20,5,ALRI_u5,ALRI < 5 years
2025,20,6,Dog_bite,Dog Bite
2025,20,7,SARI,SARI
2025,20,8,Typhoid,Typhoid
2025,20,9,Cut_leishmaniasis,CL
2025,20,10,Measles,Measles
2025,21,1,AD_noncholera,AD (NonCholera)
2025,21,2,ILI,ILI
2025,21,3,Malaria,Malaria
2025,21,4,Bloody_diarrhoea,B. Diarrhea
2025,21,5,Dog_bite,Dog Bite
2025,21,6,ALRI_u5,ALRI < 5 years
2025,21,7,Typhoid,Typhoid
2025,21,8,SARI,SARI
2025,21,9,Cut_leishmaniasis,CL
2025,21,10,Measles,Measles
2025,22,1,AD_noncholera,AD (NonCholera)
2025,22,2,ILI,ILI
2025,22,3,Malaria,Malaria
2025,22,4,Bloody_diarrhoea,B. Diarrhea
2025,22,5,ALRI_u5,ALRI < 5 years
2025,22,6,Typhoid,Typhoid
2025,22,7,Dog_bite,Dog Bite
2025,22,8,SARI,SARI
2025,22,9,Cut_leishmaniasis,CL
2025,22,10,Measles,Measles
2025,23,1,AD_noncholera,AD (NonCholera)
2025,23,2,Malaria,Malaria
2025,23,3,ILI,ILI
2025,23,4,Bloody_diarrhoea,B. Diarrhea
2025,23,5,Dog_bite,Dog Bite
2025,23,6,Typhoid,Typhoid
2025,23,7,ALRI_u5,ALRI < 5 years
2025,23,8,SARI,SARI
2025,23,9,Cut_leishmaniasis,CL
2025,23,10,TB,TB
2025,24,1,AD_noncholera,AD (noncholera)
2025,24,2,Malaria,Malaria
2025,24,3,ILI,ILI
2025,24,4,Dog_bite,Dog Bite
2025,24,5,Bloody_diarrhoea,B. Diarrhea
2025,24,6,Typhoid,Typhoid
2025,24,7,ALRI_u5,ALRI < 5 years
2025,24,8,SARI,SARI
2025,24,9,Cut_leishmaniasis,CL
2025,24,10,Measles,Measles
2025,25,1,AD_noncholera,AD (noncholera)
2025,25,2,Malaria,Malaria
2025,25,3,ILI,ILI
2025,25,4,Bloody_diarrhoea,B. Diarrhea
2025,25,5,ALRI_u5,ALRI < 5 years
2025,25,6,Typhoid,Typhoid
2025,25,7,Dog_bite,Dog Bite
2025,25,8,SARI,SARI
2025,25,9,Cut_leishmaniasis,CL
2025,25,10,TB,TB
2025,26,1,AD_noncholera,AD (NonCholera)
2025,26,2,Malaria,Malaria
2025,26,3,ILI,ILI
2025,26,4,Dog_bite,Dog Bite
2025,26,5,ALRI_u5,ALRI < 5 years
2025,26,6,Bloody_diarrhoea,B. Diarrhea
2025,26,7,Typhoid,Typhoid
2025,26,8,SARI,SARI
2025,26,9,Cut_leishmaniasis,CL
2025,26,10,TB,TB
2025,27,1,AD_noncholera,AD (NonCholera)
2025,27,2,Malaria,Malaria
2025,27,3,ILI,ILI
2025,27,4,Bloody_diarrhoea,B. Diarrhea
2025,27,5,Dog_bite,Dog Bite
2025,27,6,ALRI_u5,ALRI < 5 years
2025,27,7,Typhoid,Typhoid
2025,27,8,Cut_leishmaniasis,CL
2025,27,9,SARI,SARI
2025,27,10,TB,TB
2025,28,1,AD_noncholera,AD (noncholera)
2025,28,2,Malaria,Malaria
2025,28,3,ILI,ILI
2025,28,4,Bloody_diarrhoea,B. Diarrhea
2025,28,5,Dog_bite,Dog Bite
2025,28,6,Typhoid,Typhoid
2025,28,7,ALRI_u5,ALRI < 5 years
2025,28,8,SARI,SARI
2025,28,9,TB,TB
2025,28,10,Cut_leishmaniasis,CL
2025,29,1,AD_noncholera,AD (NonCholera)
2025,29,2,Malaria,Malaria
2025,29,3,ILI,ILI
2025,29,4,Bloody_diarrhoea,B. Diarrhea
2025,29,5,Dog_bite,Dog Bite
2025,29,6,Typhoid,Typhoid
2025,29,7,ALRI_u5,ALRI < 5 years
2025,29,8,SARI,SARI
2025,29,9,Cut_leishmaniasis,CL
2025,29,10,TB,TB
2025,30,1,AD_noncholera,AD (noncholera)
2025,30,2,Malaria,Malaria
2025,30,3,ILI,ILI
2025,30,4,Bloody_diarrhoea,B. Diarrhea
2025,30,5,Dog_bite,Dog Bite
2025,30,6,Typhoid,Typhoid
2025,30,7,ALRI_u5,ALRI < 5 years
2025,30,8,SARI,SARI
2025,30,9,TB,TB
2025,30,10,Cut_leishmaniasis,CL
2025,31,1,AD_noncholera,AD (noncholera)
2025,31,2,Malaria,Malaria
2025,31,3,ILI,ILI
2025,31,4,Dog_bite,Dog Bite
2025,31,5,Bloody_diarrhoea,B. Diarrhea
2025,31,6,SARI,SARI
2025,31,7,Typhoid,Typhoid
2025,31,8,ALRI_u5,ALRI < 5 years
2025,31,9,Cut_leishmaniasis,CL
2025,31,10,TB,TB
2025,32,1,AD_noncholera,AD (NonCholera)
2025,32,2,Malaria,Malaria
2025,32,3,ILI,ILI
2025,32,4,SARI,SARI
2025,32,5,Bloody_diarrhoea,B. Diarrhea
2025,32,6,Dog_bite,Dog Bite
2025,32,7,ALRI_u5,ALRI < 5 years
2025,32,8,Typhoid,Typhoid
2025,32,9,TB,TB
2025,32,10,Cut_leishmaniasis,CL
2025,33,1,AD_noncholera,AD (noncholera)
2025,33,2,Malaria,Malaria
2025,33,3,ILI,ILI
2025,33,4,Dog_bite,Dog Bite
2025,33,5,Bloody_diarrhoea,B. Diarrhea
2025,33,6,Typhoid,Typhoid
2025,33,7,ALRI_u5,ALRI < 5 years
2025,33,8,SARI,SARI
2025,33,9,Cut_leishmaniasis,CL
2025,33,10,AVH,AVH (A & E)
2025,34,1,AD_noncholera,AD (NonCholera)
2025,34,2,Malaria,Malaria
2025,34,3,ILI,ILI
2025,34,4,Bloody_diarrhoea,B. Diarrhea
2025,34,5,ALRI_u5,ALRI < 5 years
2025,34,6,Dog_bite,Dog Bite
2025,34,7,Typhoid,Typhoid
2025,34,8,SARI,SARI
2025,34,9,Cut_leishmaniasis,CL
2025,34,10,AVH,AVH (A & E)
2025,35,1,AD_noncholera,AD (noncholera)
2025,35,2,Malaria,Malaria
2025,35,3,ILI,ILI
2025,35,4,Bloody_diarrhoea,B. Diarrhea
2025,35,5,Dog_bite,Dog Bite
2025,35,6,ALRI_u5,ALRI < 5 years
2025,35,7,Typhoid,Typhoid
2025,35,8,SARI,SARI
2025,35,9,TB,TB
2025,35,10,Cut_leishmaniasis,CL
2025,36,1,AD_noncholera,AD (NonCholera)
2025,36,2,Malaria,Malaria
2025,36,3,ILI,ILI
2025,36,4,Bloody_diarrhoea,B. Diarrhea
2025,36,5,Dog_bite,Dog Bite
2025,36,6,Typhoid,Typhoid
2025,36,7,ALRI_u5,ALRI < 5 years
2025,36,8,Cut_leishmaniasis,CL
2025,36,9,SARI,SARI
2025,36,10,VH_BCD,"VH (B, C & D)"
2025,37,1,AD_noncholera,AD (NonCholera)
2025,37,2,Malaria,Malaria
2025,37,3,ILI,ILI
2025,37,4,Bloody_diarrhoea,B. Diarrhea
2025,37,5,Dog_bite,Dog Bite
2025,37,6,ALRI_u5,ALRI < 5 years
2025,37,7,Typhoid,Typhoid
2025,37,8,Dengue,Dengue
2025,37,9,SARI,SARI
2025,37,10,Cut_leishmaniasis,CL
2025,38,1,AD_noncholera,AD (noncholera)
2025,38,2,Malaria,Malaria
2025,38,3,ILI,ILI
2025,38,4,Typhoid,Typhoid
2025,38,5,Bloody_diarrhoea,B. Diarrhea
2025,38,6,Dog_bite,Dog Bite
2025,38,7,ALRI_u5,ALRI < 5 years
2025,38,8,Dengue,Dengue
2025,38,9,SARI,SARI
2025,38,10,TB,TB
2025,39,1,AD_noncholera,AD (NonCholera)
2025,39,2,Malaria,Malaria
2025,39,3,ILI,ILI
2025,39,4,ALRI_u5,ALRI < 5 years
2025,39,5,Bloody_diarrhoea,B. Diarrhea
2025,39,6,Dog_bite,Dog Bite
2025,39,7,Dengue,Dengue
2025,39,8,Typhoid,Typhoid
2025,39,9,SARI,SARI
2025,39,10,Cut_leishmaniasis,CL
2025,40,1,AD_noncholera,AD (NonCholera)
2025,40,2,Malaria,Malaria
2025,40,3,ILI,ILI
2025,40,4,Bloody_diarrhoea,B. Diarrhea
2025,40,5,ALRI_u5,ALRI < 5 years
2025,40,6,Dog_bite,Dog Bite
2025,40,7,Typhoid,Typhoid
2025,40,8,Dengue,Dengue
2025,40,9,SARI,SARI
2025,40,10,Cut_leishmaniasis,CL
2025,41,1,AD_noncholera,AD (NonCholera)
2025,41,2,Malaria,Malaria
2025,41,3,ILI,ILI
2025,41,4,ALRI_u5,ALRI < 5 years
2025,41,5,Dog_bite,Dog Bite
2025,41,6,Bloody_diarrhoea,B. Diarrhea
2025,41,7,Dengue,Dengue
2025,41,8,Typhoid,Typhoid
2025,41,9,SARI,SARI
2025,41,10,TB,TB
2025,42,1,AD_noncholera,AD (NonCholera)
2025,42,2,Malaria,Malaria
2025,42,3,ILI,ILI
2025,42,4,ALRI_u5,ALRI < 5 years
2025,42,5,Bloody_diarrhoea,B. Diarrhea
2025,42,6,Dog_bite,Dog Bite
2025,42,7,Typhoid,Typhoid
2025,42,8,Dengue,Dengue
2025,42,9,SARI,SARI
2025,42,10,Cut_leishmaniasis,CL
2025,43,1,AD_noncholera,AD (NonCholera)
2025,43,2,Malaria,Malaria
2025,43,3,ILI,ILI
2025,43,4,ALRI_u5,ALRI < 5 years
2025,43,5,SARI,SARI
2025,43,6,Dog_bite,Dog Bite
2025,43,7,Bloody_diarrhoea,B. Diarrhea
2025,43,8,Typhoid,Typhoid
2025,43,9,Dengue,Dengue
2025,43,10,Cut_leishmaniasis,CL
2025,44,1,AD_noncholera,AD (NonCholera)
2025,44,2,Malaria,Malaria
2025,44,3,ILI,ILI
2025,44,4,ALRI_u5,ALRI < 5 years
2025,44,5,Dog_bite,Dog Bite
2025,44,6,Dengue,Dengue
2025,44,7,Bloody_diarrhoea,B. Diarrhea
2025,44,8,Typhoid,Typhoid
2025,44,9,SARI,SARI
2025,44,10,TB,TB
2025,45,1,AD_noncholera,AD (noncholera)
2025,45,2,ILI,ILI
2025,45,3,Malaria,Malaria
2025,45,4,ALRI_u5,ALRI < 5 years
2025,45,5,Dog_bite,Dog Bite
2025,45,6,Bloody_diarrhoea,B. Diarrhea
2025,45,7,Typhoid,Typhoid
2025,45,8,SARI,SARI
2025,45,9,Dengue,Dengue
2025,45,10,TB,TB
2025,46,1,AD_noncholera,AD (NonCholera)
2025,46,2,ILI,ILI
2025,46,3,Malaria,Malaria
2025,46,4,ALRI_u5,ALRI < 5 years
2025,46,5,Dog_bite,Dog Bite
2025,46,6,Bloody_diarrhoea,B. Diarrhea
2025,46,7,Typhoid,Typhoid
2025,46,8,SARI,SARI
2025,46,9,Dengue,Dengue
2025,46,10,Cut_leishmaniasis,CL
2025,47,1,AD_noncholera,AD (NonCholera)
2025,47,2,ILI,ILI
2025,47,3,Malaria,Malaria
2025,47,4,ALRI_u5,ALRI < 5 years
2025,47,5,Dog_bite,Dog Bite
2025,47,6,Bloody_diarrhoea,B. Diarrhea
2025,47,7,Typhoid,Typhoid
2025,47,8,SARI,SARI
2025,47,9,Cut_leishmaniasis,CL
2025,47,10,Measles,Measles
2025,48,1,AD_noncholera,AD (NonCholera)
2025,48,2,ILI,ILI
2025,48,3,Malaria,Malaria
2025,48,4,ALRI_u5,ALRI < 5 years
2025,48,5,Dog_bite,Dog Bite
2025,48,6,Typhoid,Typhoid
2025,48,7,Bloody_diarrhoea,B. Diarrhea
2025,48,8,SARI,SARI
2025,48,9,Cut_leishmaniasis,CL
2025,48,10,Measles,Measles
2025,49,1,AD_noncholera,AD (noncholera)
2025,49,2,ILI,ILI
2025,49,3,Malaria,Malaria
2025,49,4,ALRI_u5,ALRI < 5 years
2025,49,5,Dog_bite,Dog Bite
2025,49,6,SARI,SARI
2025,49,7,Bloody_diarrhoea,B. Diarrhea
2025,49,8,Typhoid,Typhoid
2025,49,9,Measles,Measles
2025,49,10,Cut_leishmaniasis,CL
2025,50,1,AD_noncholera,AD (noncholera)
2025,50,2,ILI,ILI
2025,50,3,Malaria,Malaria
2025,50,4,ALRI_u5,ALRI < 5 years
2025,50,5,SARI,SARI
2025,50,6,Dog_bite,Dog Bite
2025,50,7,Bloody_diarrhoea,B. Diarrhea
2025,50,8,Typhoid,Typhoid
2025,50,9,Cut_leishmaniasis,CL
2025,50,10,Measles,Measles
2025,51,1,AD_noncholera,AD (NonCholera)
2025,51,2,ILI,ILI
2025,51,3,Malaria,Malaria
2025,51,4,ALRI_u5,ALRI < 5 years
2025,51,5,SARI,SARI
2025,51,6,Dog_bite,Dog Bite
2025,51,7,Typhoid,Typhoid
2025,51,8,Bloody_diarrhoea,B. Diarrhea
2025,51,9,Measles,Measles
2025,51,10,Cut_leishmaniasis,CL
2025,52,1,AD_noncholera,AD (NonCholera)
2025,52,2,ILI,ILI
2025,52,3,Malaria,Malaria
2025,52,4,ALRI_u5,ALRI < 5 years
2025,52,5,Dog_bite,Dog Bite
2025,52,6,Typhoid,Typhoid
2025,52,7,Bloody_diarrhoea,B. Diarrhea
2025,52,8,SARI,SARI
2025,52,9,Measles,Measles
2025,52,10,Cut_leishmaniasis,CL
2026,1,1,AD_noncholera,AD (noncholera)
2026,1,2,ILI,ILI
2026,1,3,Malaria,Malaria
2026,1,4,ALRI_u5,ALRI < 5 years
2026,1,5,Dog_bite,Dog Bite
2026,1,6,Typhoid,Typhoid
2026,1,7,SARI,SARI
2026,1,8,Bloody_diarrhoea,B. Diarrhea
2026,1,9,Measles,Measles
2026,1,10,Cut_leishmaniasis,CL
2026,2,1,AD_noncholera,AD (noncholera)
2026,2,2,ILI,ILI
2026,2,3,Malaria,Malaria
2026,2,4,ALRI_u5,ALRI < 5 years
2026,2,5,Dog_bite,Dog Bite
2026,2,6,SARI,SARI
2026,2,7,Typhoid,Typhoid
2026,2,8,Bloody_diarrhoea,B. Diarrhea
2026,2,9,Measles,Measles
2026,2,10,Cut_leishmaniasis,CL
2026,3,1,AD_noncholera,AD (Non-Cholera)
2026,3,2,ILI,ILI
2026,3,3,Malaria,Malaria
2026,3,4,ALRI_u5,ALRI < 5 years
2026,3,5,Dog_bite,Dog Bite
2026,3,6,SARI,SARI
2026,3,7,Typhoid,Typhoid
2026,3,8,Bloody_diarrhoea,B. Diarrhea
2026,3,9,Measles,Measles
2026,3,10,Cut_leishmaniasis,CL
2026,4,1,AD_noncholera,AD (NonCholera)
2026,4,2,ILI,ILI
2026,4,3,Malaria,Malaria
2026,4,4,ALRI_u5,ALRI < 5 years
2026,4,5,Dog_bite,Dog Bite
2026,4,6,Measles,Measles
2026,4,7,Bloody_diarrhoea,B. Diarrhea
2026,4,8,Cut_leishmaniasis,CL
2026,4,9,SARI,SARI
2026,4,10,Typhoid,Typhoid
2026,5,1,AD_noncholera,AD (NonCholera)
2026,5,2,ILI,ILI
2026,5,3,Malaria,Malaria
2026,5,4,ALRI_u5,ALRI < 5 years
2026,5,5,Dog_bite,Dog Bite
2026,5,6,Typhoid,Typhoid
2026,5,7,Bloody_diarrhoea,B. Diarrhea
2026,5,8,Measles,Measles
2026,5,9,SARI,SARI
2026,5,10,Cut_leishmaniasis,CL
2026,6,1,AD_noncholera,AD (noncholera)
2026,6,2,ILI,ILI
2026,6,3,Malaria,Malaria
2026,6,4,ALRI_u5,ALRI < 5 years
2026,6,5,Dog_bite,Dog Bite
2026,6,6,SARI,SARI
2026,6,7,Measles,Measles
2026,6,8,Bloody_diarrhoea,B. Diarrhea
2026,6,9,Typhoid,Typhoid
2026,6,10,Cut_leishmaniasis,CL
2026,7,1,AD_noncholera,AD (NonCholera)
2026,7,2,ILI,ILI
2026,7,3,Malaria,Malaria
2026,7,4,Dog_bite,Animal / Dog Bite
2026,7,5,ALRI_u5,ALRI < 5 years
2026,7,6,Bloody_diarrhoea,B. Diarrhea
2026,7,7,SARI,SARI
2026,7,8,Measles,Measles
2026,7,9,Typhoid,Typhoid
2026,7,10,Cut_leishmaniasis,CL
2026,8,1,AD_noncholera,AD (NonCholera)
2026,8,2,ILI,ILI
2026,8,3,Malaria,Malaria
2026,8,4,ALRI_u5,ALRI < 5 years
2026,8,5,Dog_bite,Animal / Dog Bite
2026,8,6,Bloody_diarrhoea,B. Diarrhea
2026,8,7,Measles,Measles
2026,8,8,Typhoid,Typhoid
2026,8,9,SARI,SARI
2026,8,10,Cut_leishmaniasis,CL
2026,9,1,AD_noncholera,AD (Non-Cholera)
2026,9,2,ILI,ILI
2026,9,3,Malaria,Malaria
2026,9,4,ALRI_u5,ALRI < 5 years
2026,9,5,Dog_bite,Animal / Dog Bite
2026,9,6,Bloody_diarrhoea,B. Diarrhea
2026,9,7,Measles,Measles
2026,9,8,Typhoid,Typhoid
2026,9,9,Cut_leishmaniasis,CL
2026,9,10,SARI,SARI
2026,10,1,AD_noncholera,AD (noncholera)
2026,10,2,ILI,ILI
2026,10,3,Malaria,Malaria
2026,10,4,ALRI_u5,ALRI < 5 years
2026,10,5,Dog_bite,Animal / Dog Bite
2026,10,6,Bloody_diarrhoea,B. Diarrhea
2026,10,7,Measles,Measles
2026,10,8,SARI,SARI
2026,10,9,Typhoid,Typhoid
2026,10,10,Cut_leishmaniasis,CL
2026,11,1,AD_noncholera,AD (NonCholera)
2026,11,2,ILI,ILI
2026,11,3,Malaria,Malaria
2026,11,4,Dog_bite,Animal / Dog Bite
2026,11,5,ALRI_u5,ALRI < 5 years
2026,11,6,Bloody_diarrhoea,B. Diarrhea
2026,11,7,Typhoid,Typhoid
2026,11,8,Measles,Measles
2026,11,9,Cut_leishmaniasis,CL
2026,11,10,SARI,SARI
2026,12,1,AD_noncholera,AD (NonCholera)
2026,12,2,Malaria,Malaria
2026,12,3,ILI,ILI
2026,12,4,Dog_bite,Animal / Dog Bite
2026,12,5,ALRI_u5,ALRI < 5 years
2026,12,6,Bloody_diarrhoea,B. Diarrhea
2026,12,7,SARI,SARI
2026,12,8,Measles,Measles
2026,12,9,Typhoid,Typhoid
2026,12,10,Cut_leishmaniasis,CL
2026,13,1,AD_noncholera,AD (NonCholera)
2026,13,2,ILI,ILI
2026,13,3,Malaria,Malaria
2026,13,4,Dog_bite,Animal / Dog Bite
2026,13,5,ALRI_u5,ALRI < 5 years
2026,13,6,Bloody_diarrhoea,B. Diarrhea
2026,13,7,Measles,Measles
2026,13,8,Typhoid,Typhoid
2026,13,9,Cut_leishmaniasis,CL
2026,13,10,SARI,SARI
2026,14,1,AD_noncholera,AD (NonCholera)
2026,14,2,ILI,ILI
2026,14,3,Malaria,Malaria
2026,14,4,Dog_bite,Animal / Dog Bite
2026,14,5,ALRI_u5,ALRI < 5 years
2026,14,6,Bloody_diarrhoea,B. Diarrhea
2026,14,7,Measles,Measles
2026,14,8,SARI,SARI
2026,14,9,Typhoid,Typhoid
2026,14,10,Cut_leishmaniasis,CL
2026,15,1,AD_noncholera,AD (NonCholera)
2026,15,2,Malaria,Malaria
2026,15,3,ILI,ILI
2026,15,4,Dog_bite,Animal / Dog Bite
2026,15,5,Bloody_diarrhoea,B. Diarrhea
2026,15,6,ALRI_u5,ALRI < 5 years
2026,15,7,Measles,Measles
2026,15,8,Cut_leishmaniasis,CL
2026,15,9,Typhoid,Typhoid
2026,15,10,SARI,SARI
2026,16,1,AD_noncholera,AD (Non-Cholera)
2026,16,2,ILI,ILI
2026,16,3,Malaria,Malaria
2026,16,4,Dog_bite,Animal / Dog Bite
2026,16,5,Bloody_diarrhoea,B. Diarrhea
2026,16,6,ALRI_u5,ALRI < 5 years
2026,16,7,Cut_leishmaniasis,CL
2026,16,8,SARI,SARI
2026,16,9,Typhoid,Typhoid
2026,16,10,Measles,Measles
2026,17,1,AD_noncholera,AD (Non-Cholera)
2026,17,2,Malaria,Malaria
2026,17,3,ILI,ILI
2026,17,4,Dog_bite,Animal / Dog Bite
2026,17,5,Bloody_diarrhoea,B. Diarrhea
2026,17,6,ALRI_u5,ALRI < 5 years
2026,17,7,Cut_leishmaniasis,CL
2026,17,8,Measles,Measles
2026,17,9,Typhoid,Typhoid
2026,17,10,SARI,SARI
2026,18,1,AD_noncholera,AD (NonCholera)
2026,18,2,Malaria,Malaria
2026,18,3,ILI,ILI
2026,18,4,Dog_bite,Animal / Dog Bite
2026,18,5,Bloody_diarrhoea,B. Diarrhea
2026,18,6,ALRI_u5,ALRI < 5 years
2026,18,7,Typhoid,Typhoid
2026,18,8,Measles,Measles
2026,18,9,Cut_leishmaniasis,CL
2026,18,10,SARI,SARI
2026,19,1,AD_noncholera,AD (Non-Cholera)
2026,19,2,Malaria,Malaria
2026,19,3,ILI,ILI
2026,19,4,Dog_bite,Animal / Dog Bite
2026,19,5,Bloody_diarrhoea,B. Diarrhea
2026,19,6,ALRI_u5,ALRI < 5 years
2026,19,7,Measles,Measles
2026,19,8,Typhoid,Typhoid
2026,19,9,SARI,SARI
2026,19,10,Cut_leishmaniasis,CL
2026,20,1,AD_noncholera,AD (NonCholera)
2026,20,2,Malaria,Malaria
2026,20,3,ILI,ILI
2026,20,4,Dog_bite,Animal / Dog Bite
2026,20,5,Bloody_diarrhoea,B. Diarrhea
2026,20,6,ALRI_u5,ALRI < 5 years
2026,20,7,Measles,Measles
2026,20,8,Typhoid,Typhoid
2026,20,9,SARI,SARI
2026,20,10,Cut_leishmaniasis,CL
2026,21,1,AD_noncholera,AD (NonCholera)
2026,21,2,Malaria,Malaria
2026,21,3,ILI,ILI
2026,21,4,Bloody_diarrhoea,B. Diarrhea
2026,21,5,Dog_bite,Animal / Dog Bite
2026,21,6,ALRI_u5,ALRI < 5 years
2026,21,7,Measles,Measles
2026,21,8,SARI,SARI
2026,21,9,Typhoid,Typhoid
2026,21,10,Cut_leishmaniasis,CL
2026,22,1,AD_noncholera,AD (Non-Cholera)
2026,22,2,Malaria,Malaria
2026,22,3,ILI,ILI
2026,22,4,Dog_bite,Animal / Dog Bite
2026,22,5,Bloody_diarrhoea,B. Diarrhea
2026,22,6,ALRI_u5,ALRI < 5 years
2026,22,7,SARI,SARI
2026,22,8,Measles,Measles
2026,22,9,Typhoid,Typhoid
2026,22,10,Cut_leishmaniasis,CL
2026,23,1,AD_noncholera,AD (NonCholera)
2026,23,2,Malaria,Malaria
2026,23,3,ILI,ILI
2026,23,4,Dog_bite,Animal / Dog Bite
2026,23,5,Bloody_diarrhoea,B. Diarrhea
2026,23,6,ALRI_u5,ALRI < 5 years
2026,23,7,Typhoid,Typhoid
2026,23,8,Measles,Measles
2026,23,9,SARI,SARI
2026,23,10,Cut_leishmaniasis,CL
2026,24,1,AD_noncholera,AD (NonCholera)
2026,24,2,Malaria,Malaria
2026,24,3,ILI,ILI
2026,24,4,Dog_bite,Animal / Dog Bite
2026,24,5,Bloody_diarrhoea,B. Diarrhea
2026,24,6,ALRI_u5,ALRI < 5 years
2026,24,7,Typhoid,Typhoid
2026,24,8,Cut_leishmaniasis,CL
2026,24,9,Measles,Measles
2026,24,10,SARI,SARI
2026,25,1,AD_noncholera,AD (Non-Cholera)
2026,25,2,Malaria,Malaria
2026,25,3,ILI,ILI
2026,25,4,Dog_bite,Animal / Dog Bite
2026,25,5,Bloody_diarrhoea,B. Diarrhea
2026,25,6,Typhoid,Typhoid
2026,25,7,ALRI_u5,ALRI < 5 years
2026,25,8,Measles,Measles
2026,25,9,Cut_leishmaniasis,CL
2026,25,10,TB,TB
2026,26,1,AD_noncholera,AD (NonCholera)
2026,26,2,Malaria,Malaria
2026,26,3,ILI,ILI
2026,26,4,Dog_bite,Animal / Dog Bite
2026,26,5,Bloody_diarrhoea,B. Diarrhea
2026,26,6,Typhoid,Typhoid
2026,26,7,ALRI_u5,ALRI < 5 years
2026,26,8,TB,TB
2026,26,9,Cut_leishmaniasis,CL
2026,26,10,SARI,SARI
2026,27,1,AD_noncholera,AD (Non-Cholera)
2026,27,2,Malaria,Malaria
2026,27,3,ILI,ILI
2026,27,4,Dog_bite,Animal / Dog Bite
2026,27,5,Bloody_diarrhoea,B. Diarrhea
2026,27,6,ALRI_u5,ALRI < 5 years
2026,27,7,Typhoid,Typhoid
2026,27,8,SARI,SARI
2026,27,9,Measles,Measles
2026,27,10,Cut_leishmaniasis,CL
2026,28,1,AD_noncholera,AD (NonCholera)
2026,28,2,Malaria,Malaria
2026,28,3,ILI,ILI
2026,28,4,Dog_bite,Animal / Dog Bite
2026,28,5,Bloody_diarrhoea,B. Diarrhea
2026,28,6,ALRI_u5,ALRI < 5 years
2026,28,7,Typhoid,Typhoid
2026,28,8,Cut_leishmaniasis,CL
2026,28,9,Measles,Measles
2026,28,10,SARI,SARI
