condition,horizon,mode,MAE_scaled,MAE_unscaled,model_family,improvement
AD_noncholera,1,reporting_aware,190.87962512137477,448.5198677209148,poisson_mask,257.64024259954004
AD_noncholera,1,zero_fill,191.0094028466106,448.6737596230221,poisson_mask,257.66435677641147
AD_noncholera,2,reporting_aware,192.99148605606558,455.6170648546065,poisson_mask,262.6255787985409
AD_noncholera,2,zero_fill,193.14888906675216,455.7554603824309,poisson_mask,262.6065713156787
AD_noncholera,4,reporting_aware,204.3975731423786,479.0424066427715,poisson_mask,274.6448335003929
AD_noncholera,4,zero_fill,204.28951836370388,479.1096198189248,poisson_mask,274.8201014552209
ALRI_u5,1,reporting_aware,20.255693178997067,18.970887843043688,poisson_mask,-1.2848053359533793
ALRI_u5,1,zero_fill,20.21204370381974,18.910467892629693,poisson_mask,-1.3015758111900482
ALRI_u5,2,reporting_aware,19.864271690499343,18.8101758409731,poisson_mask,-1.0540958495262451
ALRI_u5,2,zero_fill,19.829989244967518,18.75485180872288,poisson_mask,-1.0751374362446384
ALRI_u5,4,reporting_aware,19.026630365034265,18.372870695582183,poisson_mask,-0.6537596694520822
ALRI_u5,4,zero_fill,19.01367536431413,18.318997980933005,poisson_mask,-0.6946773833811228
Bloody_diarrhoea,1,reporting_aware,20.90845672709825,21.29318339878164,poisson_mask,0.3847266716833886
Bloody_diarrhoea,1,zero_fill,20.897077120818132,21.27257403355637,poisson_mask,0.3754969127382388
Bloody_diarrhoea,2,reporting_aware,21.52553417723564,22.562769683292736,poisson_mask,1.037235506057094
Bloody_diarrhoea,2,zero_fill,21.522064160189203,22.556546631822847,poisson_mask,1.0344824716336447
Bloody_diarrhoea,4,reporting_aware,22.92174466225518,23.59392422938168,poisson_mask,0.6721795671265021
Bloody_diarrhoea,4,zero_fill,22.923163044650554,23.572274154481683,poisson_mask,0.6491111098311286
Cut_leishmaniasis,1,reporting_aware,6.3804510314686675,10.515535927067669,poisson_mask,4.135084895599001
Cut_leishmaniasis,1,zero_fill,6.160742524798337,10.450771997477508,poisson_mask,4.290029472679171
Cut_leishmaniasis,2,reporting_aware,6.47948719698171,10.510873100863035,poisson_mask,4.031385903881326
Cut_leishmaniasis,2,zero_fill,6.237510189490432,10.42519086474207,poisson_mask,4.187680675251639
Cut_leishmaniasis,4,reporting_aware,6.607958499548086,10.315685404378906,poisson_mask,3.70772690483082
Cut_leishmaniasis,4,zero_fill,6.309903610152233,10.226092977122285,poisson_mask,3.916189366970052
Dog_bite,1,reporting_aware,16.370044815739675,25.37942281234164,poisson_mask,9.009377996601966
Dog_bite,1,zero_fill,16.31269275752875,25.573789494312795,poisson_mask,9.261096736784044
Dog_bite,2,reporting_aware,16.78755157979977,25.183250372507647,poisson_mask,8.395698792707876
Dog_bite,2,zero_fill,16.728215205628114,25.37257563559231,poisson_mask,8.644360429964195
Dog_bite,4,reporting_aware,17.767501505158545,24.34274865123,poisson_mask,6.5752471460714546
Dog_bite,4,zero_fill,17.679585194164982,24.51521312674599,poisson_mask,6.8356279325810085
ILI,1,reporting_aware,61.29918053724929,88.85584893615463,poisson_mask,27.556668398905337
ILI,1,zero_fill,60.97858619060648,88.67148890306947,poisson_mask,27.692902712462995
ILI,2,reporting_aware,60.342412862618865,88.1663098920602,poisson_mask,27.823897029441333
ILI,2,zero_fill,60.061991574970534,87.99670073059113,poisson_mask,27.934709155620595
ILI,4,reporting_aware,56.544323186253,88.25841175221397,poisson_mask,31.71408856596097
ILI,4,zero_fill,56.29811122013758,88.06554762000779,poisson_mask,31.767436399870213
Malaria,1,reporting_aware,50.332701900977185,74.56896921260446,poisson_mask,24.236267311627273
Malaria,1,zero_fill,50.29191856764315,74.5760472194234,poisson_mask,24.28412865178025
Malaria,2,reporting_aware,51.693280693443064,75.61133835811164,poisson_mask,23.918057664668574
Malaria,2,zero_fill,51.65008436550239,75.62111138620055,poisson_mask,23.971027020698166
Malaria,4,reporting_aware,55.60727408143507,78.48868412497282,poisson_mask,22.88141004353775
Malaria,4,zero_fill,55.57117284725081,78.50488830884672,poisson_mask,22.93371546159591
Measles,1,reporting_aware,6.206837977828333,7.765385953140915,poisson_mask,1.5585479753125817
Measles,1,zero_fill,5.903752597048463,9.34174320250512,poisson_mask,3.4379906054566565
Measles,2,reporting_aware,6.155503980860191,7.815687830724016,poisson_mask,1.6601838498638255
Measles,2,zero_fill,5.8901765711838046,9.342285766882345,poisson_mask,3.45210919569854
Measles,4,reporting_aware,6.142663398645391,7.754373842247744,poisson_mask,1.6117104436023526
Measles,4,zero_fill,5.988064636899931,9.167513393763254,poisson_mask,3.179448756863324
SARI,1,reporting_aware,17.797973863380903,16.77454859698703,poisson_mask,-1.0234252663938719
SARI,1,zero_fill,16.868282321747323,16.356756853380013,poisson_mask,-0.51152546836731
SARI,2,reporting_aware,17.35823995875692,16.54703045171783,poisson_mask,-0.8112095070390879
SARI,2,zero_fill,15.976861324944126,16.063615289637546,poisson_mask,0.08675396469342012
SARI,4,reporting_aware,17.68576786919303,16.327651474413592,poisson_mask,-1.3581163947794366
SARI,4,zero_fill,15.348747739274627,15.731377677531828,poisson_mask,0.3826299382572014
TB,1,reporting_aware,8.463597024059537,9.219339964370423,poisson_mask,0.7557429403108866
TB,1,zero_fill,8.038688484272566,8.844721326475321,poisson_mask,0.8060328422027556
TB,2,reporting_aware,8.463597024059537,9.219339964370423,poisson_mask,0.7557429403108866
TB,2,zero_fill,8.035620738750527,8.843837804701957,poisson_mask,0.8082170659514301
TB,4,reporting_aware,8.463597024059537,9.219339964370423,poisson_mask,0.7557429403108866
TB,4,zero_fill,8.031806813255706,8.843446908809927,poisson_mask,0.8116400955542211
Typhoid,1,reporting_aware,8.651870262854638,10.137387868264929,poisson_mask,1.4855176054102905
Typhoid,1,zero_fill,8.648878014868737,10.116090796466338,poisson_mask,1.4672127815976008
Typhoid,2,reporting_aware,8.77015785558301,10.15650501630024,poisson_mask,1.3863471607172304
Typhoid,2,zero_fill,8.779136254933082,10.139047684936376,poisson_mask,1.3599114300032937
Typhoid,4,reporting_aware,8.749839411565672,10.08876977501021,poisson_mask,1.338930363444538
Typhoid,4,zero_fill,8.782478063969615,10.073731161139769,poisson_mask,1.291253097170154
AD_noncholera,1,reporting_aware,190.87962512137477,448.5198677209148,negbin_mask,257.64024259954004
AD_noncholera,1,zero_fill,191.0094028466106,947.6600403373294,negbin_mask,756.6506374907187
AD_noncholera,2,reporting_aware,192.99148605606558,455.6170648546065,negbin_mask,262.6255787985409
AD_noncholera,2,zero_fill,193.14888906675216,986.111207538934,negbin_mask,792.9623184721818
AD_noncholera,4,reporting_aware,204.3975731423786,479.0424066427715,negbin_mask,274.6448335003929
AD_noncholera,4,zero_fill,204.28951836370388,479.1096198189248,negbin_mask,274.8201014552209
ALRI_u5,1,reporting_aware,20.255693178997067,18.970887843043688,negbin_mask,-1.2848053359533793
ALRI_u5,1,zero_fill,20.21204370381974,18.910467892629693,negbin_mask,-1.3015758111900482
ALRI_u5,2,reporting_aware,19.864271690499343,18.8101758409731,negbin_mask,-1.0540958495262451
ALRI_u5,2,zero_fill,19.829989244967518,18.75485180872288,negbin_mask,-1.0751374362446384
ALRI_u5,4,reporting_aware,19.026630365034265,18.372870695582183,negbin_mask,-0.6537596694520822
ALRI_u5,4,zero_fill,19.01367536431413,18.318997980933005,negbin_mask,-0.6946773833811228
Bloody_diarrhoea,1,reporting_aware,20.90845672709825,21.29318339878164,negbin_mask,0.3847266716833886
Bloody_diarrhoea,1,zero_fill,20.897077120818132,21.27257403355637,negbin_mask,0.3754969127382388
Bloody_diarrhoea,2,reporting_aware,21.52553417723564,22.562769683292736,negbin_mask,1.037235506057094
Bloody_diarrhoea,2,zero_fill,21.522064160189203,22.556546631822847,negbin_mask,1.0344824716336447
Bloody_diarrhoea,4,reporting_aware,22.92174466225518,23.59392422938168,negbin_mask,0.6721795671265021
Bloody_diarrhoea,4,zero_fill,22.923163044650554,23.572274154481683,negbin_mask,0.6491111098311286
Cut_leishmaniasis,1,reporting_aware,5.904402970068919,10.515535927067669,negbin_mask,4.61113295699875
Cut_leishmaniasis,1,zero_fill,6.160742524798337,10.450771997477508,negbin_mask,4.290029472679171
Cut_leishmaniasis,2,reporting_aware,5.938789780854872,10.510873100863035,negbin_mask,4.572083320008163
Cut_leishmaniasis,2,zero_fill,6.237510189490432,10.42519086474207,negbin_mask,4.187680675251639
Cut_leishmaniasis,4,reporting_aware,5.7653479712935685,10.315685404378906,negbin_mask,4.550337433085337
Cut_leishmaniasis,4,zero_fill,6.309903610152233,10.226092977122285,negbin_mask,3.916189366970052
Dog_bite,1,reporting_aware,16.370044815739675,25.37942281234164,negbin_mask,9.009377996601966
Dog_bite,1,zero_fill,16.31269275752875,25.573789494312795,negbin_mask,9.261096736784044
Dog_bite,2,reporting_aware,16.78755157979977,25.183250372507647,negbin_mask,8.395698792707876
Dog_bite,2,zero_fill,16.728215205628114,25.37257563559231,negbin_mask,8.644360429964195
Dog_bite,4,reporting_aware,17.767501505158545,24.34274865123,negbin_mask,6.5752471460714546
Dog_bite,4,zero_fill,17.679585194164982,24.51521312674599,negbin_mask,6.8356279325810085
ILI,1,reporting_aware,61.29918053724929,88.85584893615463,negbin_mask,27.556668398905337
ILI,1,zero_fill,60.97858619060648,88.67148890306947,negbin_mask,27.692902712462995
ILI,2,reporting_aware,60.342412862618865,88.1663098920602,negbin_mask,27.823897029441333
ILI,2,zero_fill,60.061991574970534,87.99670073059113,negbin_mask,27.934709155620595
ILI,4,reporting_aware,56.544323186253,88.25841175221397,negbin_mask,31.71408856596097
ILI,4,zero_fill,56.29811122013758,88.06554762000779,negbin_mask,31.767436399870213
Malaria,1,reporting_aware,50.332701900977185,74.56896921260446,negbin_mask,24.236267311627273
Malaria,1,zero_fill,50.29191856764315,74.5760472194234,negbin_mask,24.28412865178025
Malaria,2,reporting_aware,51.693280693443064,75.61133835811164,negbin_mask,23.918057664668574
Malaria,2,zero_fill,51.65008436550239,75.62111138620055,negbin_mask,23.971027020698166
Malaria,4,reporting_aware,55.60727408143507,78.48868412497282,negbin_mask,22.88141004353775
Malaria,4,zero_fill,55.57117284725081,78.50488830884672,negbin_mask,22.93371546159591
Measles,1,reporting_aware,6.206837977828333,7.765385953140915,negbin_mask,1.5585479753125817
Measles,1,zero_fill,7.144448237545381,25.32318025523357,negbin_mask,18.17873201768819
Measles,2,reporting_aware,6.155503980860191,7.815687830724016,negbin_mask,1.6601838498638255
Measles,2,zero_fill,7.063751071634096,25.33368581669087,negbin_mask,18.269934745056773
Measles,4,reporting_aware,6.142663398645391,7.754373842247744,negbin_mask,1.6117104436023526
Measles,4,zero_fill,7.375149798842503,24.89096960605301,negbin_mask,17.515819807210505
SARI,1,reporting_aware,17.797973863380903,16.77454859698703,negbin_mask,-1.0234252663938719
SARI,1,zero_fill,16.868282321747323,16.356756853380013,negbin_mask,-0.51152546836731
SARI,2,reporting_aware,17.35823995875692,16.54703045171783,negbin_mask,-0.8112095070390879
SARI,2,zero_fill,15.976861324944126,16.063615289637546,negbin_mask,0.08675396469342012
SARI,4,reporting_aware,17.68576786919303,16.327651474413592,negbin_mask,-1.3581163947794366
SARI,4,zero_fill,15.348747739274627,15.731377677531828,negbin_mask,0.3826299382572014
TB,1,reporting_aware,12.346580183890401,9.219339964370423,negbin_mask,-3.1272402195199778
TB,1,zero_fill,8.038688484272566,8.844721326475321,negbin_mask,0.8060328422027556
TB,2,reporting_aware,12.346580183890401,9.219339964370423,negbin_mask,-3.1272402195199778
TB,2,zero_fill,8.035620738750527,8.843837804701957,negbin_mask,0.8082170659514301
TB,4,reporting_aware,12.346580183890401,9.219339964370423,negbin_mask,-3.1272402195199778
TB,4,zero_fill,8.031806813255706,8.843446908809927,negbin_mask,0.8116400955542211
Typhoid,1,reporting_aware,8.651870262854638,10.137387868264929,negbin_mask,1.4855176054102905
Typhoid,1,zero_fill,8.648878014868737,10.116090796466338,negbin_mask,1.4672127815976008
Typhoid,2,reporting_aware,8.77015785558301,10.15650501630024,negbin_mask,1.3863471607172304
Typhoid,2,zero_fill,8.779136254933082,10.139047684936376,negbin_mask,1.3599114300032937
Typhoid,4,reporting_aware,8.749839411565672,10.08876977501021,negbin_mask,1.338930363444538
Typhoid,4,zero_fill,8.782478063969615,10.073731161139769,negbin_mask,1.291253097170154
AD_noncholera,1,reporting_aware,703.9315117243827,672.8156498452784,ridge_mask,-31.115861879104386
AD_noncholera,1,zero_fill,615.7358316186136,584.0687808163087,ridge_mask,-31.667050802304857
AD_noncholera,2,reporting_aware,700.2021667162772,672.2790163590226,ridge_mask,-27.9231503572546
AD_noncholera,2,zero_fill,614.0541991209996,584.7880502574199,ridge_mask,-29.2661488635797
AD_noncholera,4,reporting_aware,699.7146111067877,675.0940608053545,ridge_mask,-24.62055030143324
AD_noncholera,4,zero_fill,616.8524677605322,590.0087916259272,ridge_mask,-26.84367613460506
ALRI_u5,1,reporting_aware,53.13131321958366,41.02356301953021,ridge_mask,-12.107750200053452
ALRI_u5,1,zero_fill,43.955983072705536,34.30913365615238,ridge_mask,-9.646849416553152
ALRI_u5,2,reporting_aware,53.656138524526064,41.48965712317557,ridge_mask,-12.166481401350495
ALRI_u5,2,zero_fill,44.52108281786725,34.765221577996975,ridge_mask,-9.755861239870278
ALRI_u5,4,reporting_aware,53.70505991251209,41.69282438302445,ridge_mask,-12.01223552948764
ALRI_u5,4,zero_fill,44.66459732470755,34.946356038427304,ridge_mask,-9.718241286280247
Bloody_diarrhoea,1,reporting_aware,36.082119538816876,31.084364526258213,ridge_mask,-4.997755012558663
Bloody_diarrhoea,1,zero_fill,30.401626493362453,26.920211041763444,ridge_mask,-3.481415451599009
Bloody_diarrhoea,2,reporting_aware,35.77874460072779,30.74258061673865,ridge_mask,-5.036163983989141
Bloody_diarrhoea,2,zero_fill,30.20021414178142,26.66537347392484,ridge_mask,-3.534840667856578
Bloody_diarrhoea,4,reporting_aware,36.05946536222166,31.050107746485,ridge_mask,-5.009357615736658
Bloody_diarrhoea,4,zero_fill,30.637683063829897,27.1126885526676,ridge_mask,-3.524994511162298
Cut_leishmaniasis,1,reporting_aware,14.076571976511953,12.315362891663897,ridge_mask,-1.7612090848480566
Cut_leishmaniasis,1,zero_fill,8.756900637853096,8.701825890866715,ridge_mask,-0.055074746986381484
Cut_leishmaniasis,2,reporting_aware,13.984182301366769,12.407531014406862,ridge_mask,-1.5766512869599065
Cut_leishmaniasis,2,zero_fill,8.756489851951422,8.804711962233112,ridge_mask,0.04822211028169043
Cut_leishmaniasis,4,reporting_aware,13.453694457298958,12.368479784043291,ridge_mask,-1.085214673255667
Cut_leishmaniasis,4,zero_fill,8.503624211987468,8.86317467003927,ridge_mask,0.3595504580518014
Dog_bite,1,reporting_aware,30.874254444566727,22.94132807550964,ridge_mask,-7.9329263690570855
Dog_bite,1,zero_fill,21.496698115036565,17.111287866068178,ridge_mask,-4.3854102489683875
Dog_bite,2,reporting_aware,31.46910180150196,23.36195586994064,ridge_mask,-8.10714593156132
Dog_bite,2,zero_fill,22.058326126878367,17.497672050326344,ridge_mask,-4.560654076552023
Dog_bite,4,reporting_aware,32.67316162392967,23.954897892262125,ridge_mask,-8.718263731667548
Dog_bite,4,zero_fill,23.218527353089122,18.143375837257626,ridge_mask,-5.075151515831497
ILI,1,reporting_aware,428.04316983588916,146.6102200800803,ridge_mask,-281.43294975580886
ILI,1,zero_fill,342.33797407160415,125.65092213109202,ridge_mask,-216.68705194051213
ILI,2,reporting_aware,436.6505176512302,147.52192453424885,ridge_mask,-289.12859311698134
ILI,2,zero_fill,350.12664910369944,126.54477190450676,ridge_mask,-223.58187719919266
ILI,4,reporting_aware,449.8852053788445,148.52195383101525,ridge_mask,-301.36325154782924
ILI,4,zero_fill,362.1357791725161,127.6297396243052,ridge_mask,-234.50603954821088
Malaria,1,reporting_aware,229.0594059435383,147.0510843847872,ridge_mask,-82.0083215587511
Malaria,1,zero_fill,188.9123862669581,125.73197707418394,ridge_mask,-63.18040919277415
Malaria,2,reporting_aware,227.2996975023023,145.63909258344657,ridge_mask,-81.66060491885574
Malaria,2,zero_fill,187.89909731305306,124.85848886037812,ridge_mask,-63.040608452674945
Malaria,4,reporting_aware,224.1601020794847,143.25478475708636,ridge_mask,-80.90531732239833
Malaria,4,zero_fill,186.20274745978958,123.56935423191072,ridge_mask,-62.633393227878855
Measles,1,reporting_aware,12.099381867390866,10.718283095981592,ridge_mask,-1.381098771409274
Measles,1,zero_fill,7.2238317011068505,6.783944023438902,ridge_mask,-0.4398876776679481
Measles,2,reporting_aware,12.010711484431775,10.729600802535543,ridge_mask,-1.281110681896232
Measles,2,zero_fill,7.280399193940096,6.909736770277684,ridge_mask,-0.3706624236624121
Measles,4,reporting_aware,11.860772794867712,10.842296379713831,ridge_mask,-1.0184764151538808
Measles,4,zero_fill,7.412452054622893,7.167258219985222,ridge_mask,-0.24519383463767053
SARI,1,reporting_aware,68.51624051615026,28.162654200695364,ridge_mask,-40.3535863154549
SARI,1,zero_fill,55.25213876888709,24.420942120726583,ridge_mask,-30.83119664816051
SARI,2,reporting_aware,66.63676210178008,28.11092295295656,ridge_mask,-38.52583914882352
SARI,2,zero_fill,53.75331604872102,24.28663713795754,ridge_mask,-29.466678910763477
SARI,4,reporting_aware,64.59146738161208,27.784467647116564,ridge_mask,-36.80699973449551
SARI,4,zero_fill,52.26461717585706,24.12316205625709,ridge_mask,-28.14145511959997
TB,1,reporting_aware,14.43433420740074,11.466864642092036,ridge_mask,-2.967469565308704
TB,1,zero_fill,13.771306380213508,12.955502631671427,ridge_mask,-0.8158037485420806
TB,2,reporting_aware,14.43433420740074,11.466864642092036,ridge_mask,-2.967469565308704
TB,2,zero_fill,13.739445391213525,12.9419272487529,ridge_mask,-0.7975181424606248
TB,4,reporting_aware,14.43433420740074,11.466864642092036,ridge_mask,-2.967469565308704
TB,4,zero_fill,13.688618079225906,12.922028884996148,ridge_mask,-0.7665891942297574
Typhoid,1,reporting_aware,23.197217240459423,18.672666536229915,ridge_mask,-4.524550704229508
Typhoid,1,zero_fill,19.314917599522527,15.87463662604684,ridge_mask,-3.440280973475687
Typhoid,2,reporting_aware,22.76282400501648,18.34765179044478,ridge_mask,-4.415172214571701
Typhoid,2,zero_fill,18.99352000464919,15.639518016465018,ridge_mask,-3.354001988184173
Typhoid,4,reporting_aware,22.021044243122763,17.755595681148584,ridge_mask,-4.265448561974178
Typhoid,4,zero_fill,18.39450078285549,15.190133815537529,ridge_mask,-3.204366967317963
