mechanism,rate,condition,horizon,n_districts,zero_MAE,aware_MAE,delta_zero_minus_aware,share_districts_aware_better
block,0.1,AD_noncholera,1,37,195.04331081081082,192.76466216216215,2.278648648648648,0.8648648648648649
block,0.1,AD_noncholera,2,37,230.97614864864866,225.5410810810811,5.435067567567566,0.972972972972973
block,0.1,AD_noncholera,4,37,252.78290540540542,242.48817567567568,10.294729729729731,0.9459459459459459
block,0.1,ALRI_u5,1,37,9.469918207681365,9.40451280227596,0.06540540540540539,0.5405405405405406
block,0.1,ALRI_u5,2,37,10.778769559032716,10.644039829302987,0.13472972972972969,0.6216216216216216
block,0.1,ALRI_u5,4,37,11.79593172119488,11.702215504978662,0.09371621621621622,0.4864864864864865
block,0.1,Bloody_diarrhoea,1,37,12.40351706970128,12.356625177809388,0.04689189189189193,0.7027027027027027
block,0.1,Bloody_diarrhoea,2,37,13.515341394025604,13.430273826458036,0.08506756756756755,0.6216216216216216
block,0.1,Bloody_diarrhoea,4,37,13.894800853485064,13.718719772403983,0.17608108108108106,0.7837837837837838
block,0.1,ILI,1,37,33.971813655761025,33.84417852062589,0.1276351351351351,0.43243243243243246
block,0.1,ILI,2,37,37.69025960170697,37.310259601706974,0.37999999999999995,0.43243243243243246
block,0.1,ILI,4,37,43.72688122332859,43.44459815078236,0.2822830725462304,0.4594594594594595
block,0.1,Malaria,1,37,29.99331081081081,29.607499999999998,0.38581081081081087,0.6486486486486487
block,0.1,Malaria,2,37,35.16844594594595,34.43344594594595,0.7349999999999999,0.7837837837837838
block,0.1,Malaria,4,37,38.526959459459455,37.3904054054054,1.1365540540540542,0.7297297297297297
block,0.1,Typhoid,1,37,6.389459459459459,6.344256756756757,0.04520270270270268,0.5945945945945946
block,0.1,Typhoid,2,37,6.569864864864865,6.495067567567568,0.07479729729729731,0.5135135135135135
block,0.1,Typhoid,4,37,7.027297297297297,6.938716216216217,0.08858108108108106,0.43243243243243246
block,0.2,AD_noncholera,1,37,196.86986486486484,193.00655405405405,3.8633108108108107,0.9459459459459459
block,0.2,AD_noncholera,2,37,234.1949324324324,226.02324324324326,8.171689189189188,0.972972972972973
block,0.2,AD_noncholera,4,37,258.0915540540541,242.1772972972973,15.914256756756757,0.972972972972973
block,0.2,ALRI_u5,1,37,9.483161450924609,9.395120910384067,0.08804054054054052,0.5405405405405406
block,0.2,ALRI_u5,2,37,10.857215504978663,10.660458748221906,0.19675675675675675,0.6216216216216216
block,0.2,ALRI_u5,4,37,11.764647937411095,11.49032361308677,0.27432432432432435,0.5405405405405406
block,0.2,Bloody_diarrhoea,1,37,12.471692745376956,12.37020625889047,0.10148648648648655,0.7837837837837838
block,0.2,Bloody_diarrhoea,2,37,13.633652204836414,13.440746799431011,0.19290540540540543,0.7027027027027027
block,0.2,Bloody_diarrhoea,4,37,14.032030583214793,13.704733285917497,0.32729729729729734,0.7837837837837838
block,0.2,ILI,1,37,34.54438122332859,34.02904338549076,0.5153378378378379,0.6216216216216216
block,0.2,ILI,2,37,38.496813655761024,37.73505689900427,0.7617567567567567,0.4864864864864865
block,0.2,ILI,4,37,44.017400426742526,43.91631223328592,0.10108819345661427,0.3783783783783784
block,0.2,Malaria,1,37,30.155135135135136,29.661351351351353,0.4937837837837838,0.8108108108108109
block,0.2,Malaria,2,37,35.29662162162162,34.534864864864865,0.7617567567567567,0.8108108108108109
block,0.2,Malaria,4,37,38.601351351351354,37.63675675675675,0.9645945945945945,0.6216216216216216
block,0.2,Typhoid,1,37,6.396621621621621,6.357905405405406,0.03871621621621617,0.6486486486486487
block,0.2,Typhoid,2,37,6.600202702702703,6.523445945945946,0.07675675675675675,0.6216216216216216
block,0.2,Typhoid,4,37,7.084256756756757,6.948243243243243,0.13601351351351346,0.5945945945945946
block,0.4,AD_noncholera,1,37,203.76,194.56844594594594,9.191554054054054,0.9459459459459459
block,0.4,AD_noncholera,2,37,246.54067567567566,228.5031756756757,18.0375,1.0
block,0.4,AD_noncholera,4,37,277.3791891891892,243.90445945945947,33.47472972972973,0.972972972972973
block,0.4,ALRI_u5,1,37,9.609580369843528,9.524039829302987,0.08554054054054049,0.5675675675675675
block,0.4,ALRI_u5,2,37,11.109647937411097,10.92559388335704,0.18405405405405398,0.5675675675675675
block,0.4,ALRI_u5,4,37,11.988499288762448,11.980931721194878,0.007567567567567639,0.5405405405405406
block,0.4,Bloody_diarrhoea,1,37,12.600949502133714,12.387030583214795,0.213918918918919,0.7837837837837838
block,0.4,Bloody_diarrhoea,2,37,13.823584637268848,13.435949502133713,0.38763513513513514,0.7837837837837838
block,0.4,Bloody_diarrhoea,4,37,14.357300853485066,13.701219772403983,0.6560810810810811,0.7567567567567568
block,0.4,ILI,1,37,34.799313655761026,34.1676386913229,0.6316749644381225,0.5405405405405406
block,0.4,ILI,2,37,39.2899893314367,38.38562588904695,0.9043634423897581,0.5135135135135135
block,0.4,ILI,4,37,44.483118776671404,45.00535917496443,-0.5222403982930297,0.32432432432432434
block,0.4,Malaria,1,37,30.669594594594596,29.737027027027025,0.9325675675675676,0.7027027027027027
block,0.4,Malaria,2,37,36.4147972972973,34.623513513513515,1.7912837837837834,0.7297297297297297
block,0.4,Malaria,4,37,40.528513513513516,37.964864864864865,2.5636486486486487,0.6756756756756757
block,0.4,Typhoid,1,37,6.509391891891892,6.372972972972973,0.13641891891891886,0.7567567567567568
block,0.4,Typhoid,2,37,6.796418918918919,6.592702702702703,0.2037162162162162,0.6756756756756757
block,0.4,Typhoid,4,37,7.311891891891892,7.0862837837837835,0.2256081081081081,0.5675675675675675
block,0.6,AD_noncholera,1,37,208.4991891891892,195.05824324324323,13.440945945945947,0.9459459459459459
block,0.6,AD_noncholera,2,37,256.7658783783784,229.3357432432432,27.430135135135135,1.0
block,0.6,AD_noncholera,4,37,291.88013513513516,242.41939189189188,49.46074324324324,0.972972972972973
block,0.6,ALRI_u5,1,37,9.742688477951635,9.56647226173542,0.17621621621621614,0.5405405405405406
block,0.6,ALRI_u5,2,37,11.472688477951635,11.003769559032717,0.46891891891891885,0.6216216216216216
block,0.6,ALRI_u5,4,37,12.225661450924608,12.056187766714082,0.1694736842105263,0.4864864864864865
block,0.6,Bloody_diarrhoea,1,37,12.781084637268847,12.42824679943101,0.35283783783783795,0.7837837837837838
block,0.6,Bloody_diarrhoea,2,37,14.114800853485066,13.487300853485063,0.6275000000000002,0.7297297297297297
block,0.6,Bloody_diarrhoea,4,37,14.722841394025606,13.78412517780939,0.938716216216216,0.7567567567567568
block,0.6,ILI,1,37,35.99228662873399,35.315064011379796,0.6772226173541964,0.43243243243243246
block,0.6,ILI,2,37,41.15397581792319,40.53115220483642,0.6228236130867709,0.4594594594594595
block,0.6,ILI,4,37,45.015220483641535,47.51725817923186,-2.502037695590327,0.24324324324324326
block,0.6,Malaria,1,37,30.879797297297298,30.033108108108106,0.8466891891891892,0.6486486486486487
block,0.6,Malaria,2,37,36.97432432432432,35.28871621621622,1.685608108108108,0.6216216216216216
block,0.6,Malaria,4,37,41.5075,39.57,1.9375,0.4864864864864865
block,0.6,Typhoid,1,37,6.599189189189189,6.392635135135135,0.20655405405405394,0.7027027027027027
block,0.6,Typhoid,2,37,6.9511486486486485,6.653986486486486,0.29716216216216207,0.5945945945945946
block,0.6,Typhoid,4,37,7.448986486486487,7.176351351351351,0.27263513513513504,0.5135135135135135
block,0.8,AD_noncholera,1,37,213.41756756756757,197.80114864864865,15.616418918918919,0.9459459459459459
block,0.8,AD_noncholera,2,37,266.3656756756757,234.96135135135134,31.404324324324318,1.0
block,0.8,AD_noncholera,4,37,306.83918918918914,253.61824324324326,53.22094594594595,0.9459459459459459
block,0.8,ALRI_u5,1,37,9.962756045519203,9.620120910384067,0.34263513513513505,0.6216216216216216
block,0.8,ALRI_u5,2,37,11.882688477951636,11.14539118065434,0.7372972972972971,0.6216216216216216
block,0.8,ALRI_u5,4,37,12.240593883357041,11.755796586059745,0.4847972972972973,0.5405405405405406
block,0.8,Bloody_diarrhoea,1,37,12.887503556187767,12.500273826458036,0.3872297297297299,0.7297297297297297
block,0.8,Bloody_diarrhoea,2,37,14.310273826458038,13.595071123755334,0.7152027027027028,0.6756756756756757
block,0.8,Bloody_diarrhoea,4,37,15.032030583214793,14.000679231863442,1.0313513513513513,0.6756756756756757
block,0.8,ILI,1,37,36.27762446657184,35.2249359886202,1.052688477951636,0.4864864864864865
block,0.8,ILI,2,37,41.930529871977235,40.451842105263154,1.4786877667140823,0.5135135135135135
block,0.8,ILI,4,37,45.45419630156473,47.325202702702704,-1.8710064011379806,0.2972972972972973
block,0.8,Malaria,1,37,31.777837837837836,31.284527027027032,0.493310810810811,0.43243243243243246
block,0.8,Malaria,2,37,38.375,37.89013513513513,0.4848648648648649,0.32432432432432434
block,0.8,Malaria,4,37,43.37175675675676,45.4802027027027,-2.108445945945946,0.24324324324324326
block,0.8,Typhoid,1,37,6.659256756756756,6.475810810810811,0.18344594594594585,0.5405405405405406
block,0.8,Typhoid,2,37,7.102635135135135,6.8120270270270264,0.290608108108108,0.5135135135135135
block,0.8,Typhoid,4,37,7.638378378378379,7.387432432432432,0.2509459459459459,0.4594594594594595
mcar,0.1,AD_noncholera,1,37,194.59952702702702,192.4977027027027,2.1018243243243244,0.8108108108108109
mcar,0.1,AD_noncholera,2,37,228.70756756756757,225.16858108108107,3.538986486486487,0.972972972972973
mcar,0.1,AD_noncholera,4,37,248.81108108108108,242.44040540540541,6.370675675675675,0.972972972972973
mcar,0.1,ALRI_u5,1,37,9.426674964438122,9.349174964438122,0.07749999999999999,0.4594594594594595
mcar,0.1,ALRI_u5,2,37,10.707620910384069,10.617891180654338,0.08972972972972967,0.6486486486486487
mcar,0.1,ALRI_u5,4,37,11.775864153627312,11.708026315789475,0.06783783783783782,0.5675675675675675
mcar,0.1,Bloody_diarrhoea,1,37,12.39216571834993,12.35108463726885,0.04108108108108119,0.5675675675675675
mcar,0.1,Bloody_diarrhoea,2,37,13.510544096728307,13.42797652916074,0.08256756756756749,0.7027027027027027
mcar,0.1,Bloody_diarrhoea,4,37,13.881490042674255,13.73405761024182,0.1474324324324326,0.7027027027027027
mcar,0.1,ILI,1,37,33.96201635846373,33.784719061166435,0.17729729729729732,0.4864864864864865
mcar,0.1,ILI,2,37,37.641340682788055,37.4000746799431,0.2412660028449501,0.4864864864864865
mcar,0.1,ILI,4,37,43.942553342816495,43.41203769559032,0.530515647226174,0.43243243243243246
mcar,0.1,Malaria,1,37,29.94128378378378,29.636013513513515,0.30527027027027026,0.7567567567567568
mcar,0.1,Malaria,2,37,34.94040540540541,34.45162162162162,0.4887837837837838,0.8648648648648649
mcar,0.1,Malaria,4,37,38.11297297297297,37.366351351351355,0.7466216216216216,0.7567567567567568
mcar,0.1,Typhoid,1,37,6.375135135135135,6.336756756756757,0.038378378378378354,0.5945945945945946
mcar,0.1,Typhoid,2,37,6.547162162162162,6.491554054054054,0.05560810810810811,0.5135135135135135
mcar,0.1,Typhoid,4,37,6.9797972972972975,6.906689189189189,0.07310810810810808,0.5675675675675675
mcar,0.2,AD_noncholera,1,37,196.76831081081082,192.6447972972973,4.123513513513514,0.918918918918919
mcar,0.2,AD_noncholera,2,37,234.5577027027027,226.21398648648648,8.343716216216217,1.0
mcar,0.2,AD_noncholera,4,37,257.3485810810811,243.03587837837836,14.312702702702701,0.972972972972973
mcar,0.2,ALRI_u5,1,37,9.547350640113796,9.383837126600286,0.16351351351351348,0.6486486486486487
mcar,0.2,ALRI_u5,2,37,10.911945234708393,10.754580369843527,0.15736486486486478,0.6486486486486487
mcar,0.2,ALRI_u5,4,37,11.897891180654339,12.006066856330014,-0.10817567567567561,0.5405405405405406
mcar,0.2,Bloody_diarrhoea,1,37,12.460881934566146,12.353719772403982,0.10716216216216225,0.7567567567567568
mcar,0.2,Bloody_diarrhoea,2,37,13.625949502133713,13.438381934566145,0.18756756756756754,0.7297297297297297
mcar,0.2,Bloody_diarrhoea,4,37,14.049733285917497,13.74081436699858,0.308918918918919,0.7837837837837838
mcar,0.2,ILI,1,37,34.266543385490756,33.7372226173542,0.5293207681365576,0.5675675675675675
mcar,0.2,ILI,2,37,38.17059743954481,37.709523470839265,0.4610739687055476,0.5135135135135135
mcar,0.2,ILI,4,37,44.16409672830726,43.967155049786626,0.1969416785206266,0.4864864864864865
mcar,0.2,Malaria,1,37,30.009391891891894,29.626554054054058,0.3828378378378378,0.7567567567567568
mcar,0.2,Malaria,2,37,35.270270270270274,34.44364864864865,0.8266216216216217,0.8108108108108109
mcar,0.2,Malaria,4,37,38.667297297297296,37.342770270270265,1.3245270270270273,0.7297297297297297
mcar,0.2,Typhoid,1,37,6.4238513513513515,6.346081081081081,0.07777027027027023,0.5945945945945946
mcar,0.2,Typhoid,2,37,6.656216216216216,6.5075,0.14871621621621617,0.5675675675675675
mcar,0.2,Typhoid,4,37,7.131081081081081,6.908581081081081,0.22249999999999995,0.5945945945945946
mcar,0.4,AD_noncholera,1,37,202.48777027027026,193.3831081081081,9.104662162162162,0.9459459459459459
mcar,0.4,AD_noncholera,2,37,245.48682432432435,227.59236486486486,17.894459459459462,1.0
mcar,0.4,AD_noncholera,4,37,274.60729729729735,243.33270270270268,31.274594594594596,0.972972972972973
mcar,0.4,ALRI_u5,1,37,9.64728307254623,9.341877667140825,0.3054054054054054,0.6486486486486487
mcar,0.4,ALRI_u5,2,37,11.128296586059744,10.749985775248934,0.37831081081081064,0.6486486486486487
mcar,0.4,ALRI_u5,4,37,11.78478307254623,11.474377667140827,0.31040540540540545,0.5405405405405406
mcar,0.4,Bloody_diarrhoea,1,37,12.641625177809388,12.377030583214793,0.2645945945945946,0.7837837837837838
mcar,0.4,Bloody_diarrhoea,2,37,13.902368421052634,13.44736842105263,0.455,0.7027027027027027
mcar,0.4,Bloody_diarrhoea,4,37,14.467030583214793,13.733449502133713,0.7335810810810811,0.8108108108108109
mcar,0.4,ILI,1,37,34.85255689900427,33.96980440967283,0.8827524893314368,0.5675675675675675
mcar,0.4,ILI,2,37,39.27755689900427,38.10922119487909,1.1683357041251774,0.5135135135135135
mcar,0.4,ILI,4,37,44.43199502133713,43.771116642958745,0.6608783783783788,0.40540540540540543
mcar,0.4,Malaria,1,37,30.699391891891892,29.659391891891893,1.0399999999999998,0.7837837837837838
mcar,0.4,Malaria,2,37,36.383310810810805,34.40587837837838,1.9774324324324322,0.8378378378378378
mcar,0.4,Malaria,4,37,39.97722972972973,37.29641891891892,2.6808108108108106,0.7837837837837838
mcar,0.4,Typhoid,1,37,6.522162162162162,6.333040540540541,0.18912162162162155,0.7297297297297297
mcar,0.4,Typhoid,2,37,6.8075,6.540405405405406,0.26709459459459456,0.5945945945945946
mcar,0.4,Typhoid,4,37,7.2765540540540545,6.906824324324324,0.3697297297297296,0.5405405405405406
mcar,0.6,AD_noncholera,1,37,208.98891891891893,194.49175675675676,14.497162162162162,0.9459459459459459
mcar,0.6,AD_noncholera,2,37,257.9866891891892,229.18756756756758,28.799121621621623,1.0
mcar,0.6,AD_noncholera,4,37,292.6506756756757,242.6616216216216,49.98905405405405,0.972972972972973
mcar,0.6,ALRI_u5,1,37,9.819580369843528,9.426539829302987,0.39304054054054044,0.6486486486486487
mcar,0.6,ALRI_u5,2,37,11.530796586059745,10.769850640113798,0.7609459459459458,0.6216216216216216
mcar,0.6,ALRI_u5,4,37,11.92978307254623,11.296877667140826,0.6329054054054053,0.5405405405405406
mcar,0.6,Bloody_diarrhoea,1,37,12.749327880512093,12.412233285917495,0.3370945945945948,0.8108108108108109
mcar,0.6,Bloody_diarrhoea,2,37,14.11074679943101,13.466760312944524,0.6439864864864864,0.7567567567567568
mcar,0.6,Bloody_diarrhoea,4,37,14.760544096728307,13.687165718349927,1.0733783783783784,0.8108108108108109
mcar,0.6,ILI,1,37,35.28296230440967,34.04324679943101,1.239715504978663,0.6216216216216216
mcar,0.6,ILI,2,37,40.48836770981508,38.46009246088194,2.028275248933143,0.5405405405405406
mcar,0.6,ILI,4,37,45.621909672830725,43.88552275960171,1.7363869132290182,0.3783783783783784
mcar,0.6,Malaria,1,37,31.259391891891894,29.698783783783785,1.560608108108108,0.8108108108108109
mcar,0.6,Malaria,2,37,37.366216216216216,34.49621621621621,2.87,0.8648648648648649
mcar,0.6,Malaria,4,37,41.94222972972973,37.402364864864865,4.539864864864865,0.7297297297297297
mcar,0.6,Typhoid,1,37,6.579662162162162,6.360878378378378,0.21878378378378366,0.7027027027027027
mcar,0.6,Typhoid,2,37,6.931013513513514,6.602297297297297,0.3287162162162162,0.6486486486486487
mcar,0.6,Typhoid,4,37,7.473716216216217,7.060743243243243,0.412972972972973,0.5945945945945946
mcar,0.8,AD_noncholera,1,37,213.30945945945945,195.7402702702703,17.569189189189192,0.9459459459459459
mcar,0.8,AD_noncholera,2,37,267.04148648648646,230.82337837837838,36.218108108108105,1.0
mcar,0.8,AD_noncholera,4,37,309.0147297297297,242.08310810810812,66.93162162162163,0.972972972972973
mcar,0.8,ALRI_u5,1,37,9.87039118065434,9.480120910384068,0.3902702702702702,0.5945945945945946
mcar,0.8,ALRI_u5,2,37,11.751337126600284,10.929505689900427,0.8218314366998576,0.5945945945945946
mcar,0.8,ALRI_u5,4,37,12.103093883357042,11.476931009957326,0.6261628733997153,0.43243243243243246
mcar,0.8,Bloody_diarrhoea,1,37,12.899530583214794,12.442773826458037,0.45675675675675703,0.7837837837837838
mcar,0.8,Bloody_diarrhoea,2,37,14.337030583214794,13.478854907539118,0.8581756756756758,0.7567567567567568
mcar,0.8,Bloody_diarrhoea,4,37,15.08155761024182,13.683381934566144,1.3981756756756756,0.7837837837837838
mcar,0.8,ILI,1,37,36.12944879089616,35.30425675675676,0.8251920341394029,0.5135135135135135
mcar,0.8,ILI,2,37,41.95857041251778,40.950078236130864,1.0084921763869128,0.5135135135135135
mcar,0.8,ILI,4,37,45.85648648648649,47.9974146514936,-2.140928165007112,0.35135135135135137
mcar,0.8,Malaria,1,37,31.855608108108108,30.14668918918919,1.7089189189189191,0.7027027027027027
mcar,0.8,Malaria,2,37,38.41925675675676,35.42337837837838,2.9958783783783782,0.7027027027027027
mcar,0.8,Malaria,4,37,43.454121621621624,39.81439189189189,3.6397297297297295,0.5675675675675675
mcar,0.8,Typhoid,1,37,6.667635135135135,6.4139189189189185,0.25371621621621604,0.7027027027027027
mcar,0.8,Typhoid,2,37,7.114864864864865,6.7047297297297295,0.410135135135135,0.6756756756756757
mcar,0.8,Typhoid,4,37,7.627702702702703,7.160135135135135,0.4675675675675675,0.5405405405405406
value_dependent,0.1,AD_noncholera,1,37,195.15864864864864,192.51999999999998,2.6386486486486485,0.7027027027027027
value_dependent,0.1,AD_noncholera,2,37,229.58952702702703,225.29513513513513,4.294391891891892,0.8918918918918919
value_dependent,0.1,AD_noncholera,4,37,247.38797297297296,242.43716216216214,4.95081081081081,0.918918918918919
value_dependent,0.1,ALRI_u5,1,37,9.4800533428165,9.351945234708392,0.12810810810810808,0.5135135135135135
value_dependent,0.1,ALRI_u5,2,37,10.802756045519203,10.579850640113799,0.22290540540540532,0.6486486486486487
value_dependent,0.1,ALRI_u5,4,37,11.543904694167853,11.412891180654338,0.1310135135135135,0.5675675675675675
value_dependent,0.1,Bloody_diarrhoea,1,37,12.401152204836416,12.350341394025605,0.050810810810810805,0.4594594594594595
value_dependent,0.1,Bloody_diarrhoea,2,37,13.475408961593171,13.421490042674254,0.05391891891891889,0.5405405405405406
value_dependent,0.1,Bloody_diarrhoea,4,37,13.793111664295877,13.722841394025606,0.07027027027027029,0.6486486486486487
value_dependent,0.1,ILI,1,37,33.7674893314367,33.688435277382645,0.07905405405405408,0.32432432432432434
value_dependent,0.1,ILI,2,37,37.94397581792319,37.56162162162162,0.3823541963015647,0.3783783783783784
value_dependent,0.1,ILI,4,37,43.51056899004268,43.23618065433855,0.2743883357041254,0.24324324324324326
value_dependent,0.1,Malaria,1,37,29.652567567567566,29.589054054054056,0.06351351351351349,0.32432432432432434
value_dependent,0.1,Malaria,2,37,34.53871621621622,34.420337837837835,0.11837837837837831,0.5135135135135135
value_dependent,0.1,Malaria,4,37,37.45925675675676,37.31364864864865,0.14560810810810812,0.5135135135135135
value_dependent,0.1,Typhoid,1,37,6.367635135135135,6.34472972972973,0.022905405405405387,0.35135135135135137
value_dependent,0.1,Typhoid,2,37,6.54972972972973,6.509662162162162,0.040067567567567554,0.3783783783783784
value_dependent,0.1,Typhoid,4,37,6.963175675675675,6.900067567567567,0.0631081081081081,0.4594594594594595
value_dependent,0.2,AD_noncholera,1,37,196.9441216216216,192.62297297297297,4.3211486486486494,0.8378378378378378
value_dependent,0.2,AD_noncholera,2,37,234.43114864864864,225.88121621621622,8.549932432432435,0.972972972972973
value_dependent,0.2,AD_noncholera,4,37,254.74195945945945,242.7577027027027,11.984256756756754,0.972972972972973
value_dependent,0.2,ALRI_u5,1,37,9.48201280227596,9.242215504978663,0.2397972972972972,0.5405405405405406
value_dependent,0.2,ALRI_u5,2,37,10.781877667140824,10.437958748221906,0.3439189189189188,0.6216216216216216
value_dependent,0.2,ALRI_u5,4,37,11.566810099573257,11.242958748221906,0.3238513513513513,0.6216216216216216
value_dependent,0.2,Bloody_diarrhoea,1,37,12.449463015647227,12.361557610241821,0.08790540540540542,0.5945945945945946
value_dependent,0.2,Bloody_diarrhoea,2,37,13.562030583214796,13.422503556187767,0.139527027027027,0.6216216216216216
value_dependent,0.2,Bloody_diarrhoea,4,37,13.92682788051209,13.72317923186344,0.20364864864864862,0.6756756756756757
value_dependent,0.2,ILI,1,37,34.31701635846373,33.82931365576103,0.48770270270270266,0.43243243243243246
value_dependent,0.2,ILI,2,37,38.53505689900427,37.743168563300145,0.791888335704125,0.5135135135135135
value_dependent,0.2,ILI,4,37,43.430896159317214,42.7220092460882,0.7088869132290189,0.43243243243243246
value_dependent,0.2,Malaria,1,37,29.81425675675676,29.60682432432433,0.2074324324324324,0.43243243243243246
value_dependent,0.2,Malaria,2,37,34.7102027027027,34.44608108108108,0.2641216216216216,0.6216216216216216
value_dependent,0.2,Malaria,4,37,37.65743243243244,37.317770270270266,0.3396621621621621,0.6486486486486487
value_dependent,0.2,Typhoid,1,37,6.397162162162162,6.3438513513513515,0.05331081081081078,0.4594594594594595
value_dependent,0.2,Typhoid,2,37,6.628243243243244,6.526621621621622,0.1016216216216216,0.43243243243243246
value_dependent,0.2,Typhoid,4,37,7.041148648648648,6.834797297297297,0.20635135135135135,0.5405405405405406
value_dependent,0.4,AD_noncholera,1,37,204.6239864864865,193.85263513513516,10.771351351351353,0.8918918918918919
value_dependent,0.4,AD_noncholera,2,37,246.61405405405404,227.72844594594594,18.88560810810811,1.0
value_dependent,0.4,AD_noncholera,4,37,269.4947297297297,243.39067567567568,26.104054054054053,0.972972972972973
value_dependent,0.4,ALRI_u5,1,37,9.601066856330014,9.22174253200569,0.3793243243243242,0.5945945945945946
value_dependent,0.4,ALRI_u5,2,37,11.207147937411095,10.437080369843528,0.7700675675675673,0.6756756756756757
value_dependent,0.4,ALRI_u5,4,37,11.539310099573258,10.639377667140826,0.8999324324324324,0.6216216216216216
value_dependent,0.4,Bloody_diarrhoea,1,37,12.55797652916074,12.374530583214794,0.1834459459459459,0.7297297297297297
value_dependent,0.4,Bloody_diarrhoea,2,37,13.726219772403983,13.424598150782362,0.30162162162162165,0.7027027027027027
value_dependent,0.4,Bloody_diarrhoea,4,37,14.193179231863445,13.7274359886202,0.4657432432432434,0.7027027027027027
value_dependent,0.4,ILI,1,37,35.23884068278805,34.11593527738265,1.1229054054054053,0.4864864864864865
value_dependent,0.4,ILI,2,37,40.13992176386913,38.447649359886206,1.69227240398293,0.5135135135135135
value_dependent,0.4,ILI,4,37,43.51777027027027,43.052812944523474,0.4649573257467998,0.4864864864864865
value_dependent,0.4,Malaria,1,37,29.866756756756754,29.612905405405407,0.25385135135135134,0.7027027027027027
value_dependent,0.4,Malaria,2,37,35.02662162162162,34.37554054054054,0.6510810810810812,0.7567567567567568
value_dependent,0.4,Malaria,4,37,38.08060810810811,37.26222972972973,0.8183783783783785,0.7297297297297297
value_dependent,0.4,Typhoid,1,37,6.504729729729729,6.355945945945946,0.1487837837837837,0.5135135135135135
value_dependent,0.4,Typhoid,2,37,6.819797297297297,6.538648648648649,0.28114864864864864,0.5945945945945946
value_dependent,0.4,Typhoid,4,37,7.203378378378379,6.76972972972973,0.4336486486486486,0.6756756756756757
value_dependent,0.6,AD_noncholera,1,37,211.02851351351353,195.90182432432434,15.126689189189193,0.9459459459459459
value_dependent,0.6,AD_noncholera,2,37,262.02364864864865,231.6175,30.406148648648646,1.0
value_dependent,0.6,AD_noncholera,4,37,289.79844594594596,244.06013513513514,45.738310810810816,1.0
value_dependent,0.6,ALRI_u5,1,37,9.82478307254623,9.298769559032717,0.5260135135135133,0.6486486486486487
value_dependent,0.6,ALRI_u5,2,37,11.6525533428165,10.560593883357042,1.0919594594594593,0.7567567567567568
value_dependent,0.6,ALRI_u5,4,37,11.818229018492177,10.372350640113797,1.4458783783783784,0.7027027027027027
value_dependent,0.6,Bloody_diarrhoea,1,37,12.738584637268849,12.422908961593174,0.3156756756756756,0.7567567567567568
value_dependent,0.6,Bloody_diarrhoea,2,37,13.990679231863442,13.44601706970128,0.5446621621621621,0.7837837837837838
value_dependent,0.6,Bloody_diarrhoea,4,37,14.555881934566145,13.704733285917495,0.8511486486486487,0.8378378378378378
value_dependent,0.6,ILI,1,37,36.011543385490754,34.706813655761025,1.3047297297297298,0.5675675675675675
value_dependent,0.6,ILI,2,37,41.73539473684211,39.22715149359886,2.508243243243242,0.5675675675675675
value_dependent,0.6,ILI,4,37,44.09127311522049,42.55478662873399,1.5364864864864867,0.5675675675675675
value_dependent,0.6,Malaria,1,37,30.248445945945942,29.637702702702704,0.6107432432432431,0.7297297297297297
value_dependent,0.6,Malaria,2,37,35.81067567567568,34.40777027027027,1.4029054054054055,0.7837837837837838
value_dependent,0.6,Malaria,4,37,39.20277027027027,37.244932432432435,1.9578378378378378,0.7297297297297297
value_dependent,0.6,Typhoid,1,37,6.592027027027027,6.389121621621622,0.2029054054054053,0.5675675675675675
value_dependent,0.6,Typhoid,2,37,6.980135135135135,6.5781081081081085,0.402027027027027,0.6486486486486487
value_dependent,0.6,Typhoid,4,37,7.364932432432433,6.762162162162162,0.6027702702702703,0.7027027027027027
value_dependent,0.8,AD_noncholera,1,37,217.96486486486486,200.24614864864864,17.71871621621622,1.0
value_dependent,0.8,AD_noncholera,2,37,274.4879054054054,238.85574324324324,35.63216216216216,1.0
value_dependent,0.8,AD_noncholera,4,37,312.3550675675676,250.4568918918919,61.89817567567568,1.0
value_dependent,0.8,ALRI_u5,1,37,9.9875533428165,9.56228307254623,0.4252702702702702,0.7027027027027027
value_dependent,0.8,ALRI_u5,2,37,12.021674964438123,11.131337126600284,0.8903378378378377,0.7297297297297297
value_dependent,0.8,ALRI_u5,4,37,12.332620910384067,10.916134423897581,1.4164864864864866,0.7027027027027027
value_dependent,0.8,Bloody_diarrhoea,1,37,12.921490042674254,12.595814366998576,0.3256756756756756,0.7837837837837838
value_dependent,0.8,Bloody_diarrhoea,2,37,14.337841394025606,13.724463015647228,0.6133783783783783,0.7567567567567568
value_dependent,0.8,Bloody_diarrhoea,4,37,15.040071123755334,14.05020625889047,0.9898648648648649,0.8648648648648649
value_dependent,0.8,ILI,1,37,36.50363798008535,34.72640825035562,1.7772297297297295,0.6216216216216216
value_dependent,0.8,ILI,2,37,42.46924608819346,38.86607041251778,3.6031756756756756,0.5675675675675675
value_dependent,0.8,ILI,4,37,45.383165007112375,40.23627311522048,5.146891891891892,0.6486486486486487
value_dependent,0.8,Malaria,1,37,31.318986486486487,29.698716216216216,1.6202702702702703,0.8108108108108109
value_dependent,0.8,Malaria,2,37,37.73777027027027,34.39425675675676,3.3435135135135132,0.8108108108108109
value_dependent,0.8,Malaria,4,37,41.255945945945946,37.10047297297297,4.155472972972974,0.7837837837837838
value_dependent,0.8,Typhoid,1,37,6.690878378378378,6.470675675675675,0.22020270270270254,0.5945945945945946
value_dependent,0.8,Typhoid,2,37,7.134932432432433,6.709527027027027,0.42540540540540545,0.5945945945945946
value_dependent,0.8,Typhoid,4,37,7.6515540540540545,6.903918918918919,0.7476351351351351,0.7027027027027027
